Date,Region,Category,Product,Quantity,UnitPrice,Revenue,Profit
2024-01-01,North,Electronics,Headphones,4,477.82,1911.28,218.88
2024-01-01,South,Clothing,Jeans,8,20.0,160.0,53.54
2024-01-01,North,Toys,Puzzle,2,31.6,63.2,10.92
2024-01-01,West,Electronics,Laptop,11,229.94,2529.34,643.96
2024-01-01,North,Clothing,Jeans,12,51.47,617.64,71.81
2024-01-01,North,Toys,Action Figure,4,21.54,86.16,13.81
2024-01-01,West,Clothing,Shoes,12,44.66,535.92,142.36
2024-01-01,East,Electronics,Smartphone,2,241.32,482.64,102.53
2024-01-01,West,Groceries,Snacks,10,37.27,372.7,41.48
2024-01-02,South,Clothing,Jacket,13,68.01,884.13,119.56
2024-01-02,North,Electronics,Smartwatch,13,83.55,1086.15,330.04
2024-01-02,North,Groceries,Snacks,1,26.21,26.21,8.62
2024-01-02,East,Electronics,Smartwatch,9,330.48,2974.32,839.95
2024-01-02,North,Furniture,Chair,8,585.29,4682.32,1313.07
2024-01-02,East,Toys,Board Game,7,11.27,78.89,10.02
2024-01-02,South,Electronics,Laptop,7,263.92,1847.44,434.08
2024-01-03,South,Groceries,Rice,4,29.32,117.28,20.4
2024-01-03,South,Electronics,Smartwatch,5,442.16,2210.8,667.35
2024-01-03,East,Furniture,Sofa,12,416.8,5001.6,941.01
2024-01-03,South,Groceries,Snacks,3,19.61,58.83,10.85
2024-01-03,South,Groceries,Rice,11,29.61,325.71,110.94
2024-01-03,South,Toys,Action Figure,14,23.34,326.76,112.46
2024-01-03,South,Furniture,Bed,12,204.57,2454.84,545.87
2024-01-04,East,Toys,Action Figure,7,28.39,198.73,51.29
2024-01-04,East,Electronics,Smartphone,6,229.47,1376.82,377.18
2024-01-04,North,Groceries,Beverages,3,5.58,16.74,4.37
2024-01-04,East,Electronics,Smartphone,4,473.24,1892.96,537.23
2024-01-04,East,Clothing,Shoes,2,71.41,142.82,34.11
2024-01-04,West,Furniture,Table,12,370.31,4443.72,654.01
2024-01-04,East,Clothing,Jeans,9,60.82,547.38,142.6
2024-01-04,East,Toys,Doll,11,28.61,314.71,105.44
2024-01-05,West,Groceries,Oil,13,22.0,286.0,41.18
2024-01-05,South,Toys,Doll,4,52.46,209.84,55.48
2024-01-05,North,Electronics,Laptop,1,294.14,294.14,101.4
2024-01-06,South,Clothing,Shoes,6,40.41,242.46,76.63
2024-01-06,North,Furniture,Bed,12,415.65,4987.8,1671.48
2024-01-06,West,Toys,Board Game,13,26.54,345.02,82.18
2024-01-06,North,Electronics,Headphones,3,491.15,1473.45,326.1
2024-01-06,East,Electronics,Headphones,2,300.56,601.12,152.54
2024-01-07,West,Clothing,Shoes,7,46.28,323.96,89.29
2024-01-07,North,Groceries,Oil,7,33.35,233.45,53.19
2024-01-07,North,Groceries,Oil,9,7.48,67.32,21.65
2024-01-07,South,Groceries,Oil,12,28.52,342.24,118.23
2024-01-07,North,Toys,Board Game,6,28.01,168.06,22.14
2024-01-07,West,Electronics,Laptop,1,422.54,422.54,62.79
2024-01-07,East,Groceries,Oil,14,30.41,425.74,76.95
2024-01-07,North,Clothing,T-Shirt,1,40.35,40.35,4.85
2024-01-08,North,Furniture,Chair,9,310.02,2790.18,344.5
2024-01-08,South,Clothing,Shoes,9,29.6,266.4,67.38
2024-01-08,South,Groceries,Beverages,7,10.55,73.85,9.08
2024-01-08,South,Toys,Action Figure,1,48.17,48.17,14.53
2024-01-08,East,Furniture,Sofa,4,400.24,1600.96,178.23
2024-01-08,West,Toys,Doll,10,18.15,181.5,21.35
2024-01-08,North,Clothing,Jeans,7,70.7,494.9,120.43
2024-01-08,North,Groceries,Rice,1,37.95,37.95,12.38
2024-01-08,South,Toys,Action Figure,12,40.91,490.92,90.4
2024-01-09,North,Electronics,Laptop,8,223.43,1787.44,488.37
2024-01-09,South,Electronics,Laptop,2,333.02,666.04,96.15
2024-01-09,East,Electronics,Smartphone,9,305.83,2752.47,674.73
2024-01-09,East,Furniture,Table,7,470.45,3293.15,414.22
2024-01-10,South,Toys,Doll,1,29.46,29.46,3.03
2024-01-10,South,Furniture,Bed,9,431.92,3887.28,867.86
2024-01-10,South,Electronics,Laptop,5,91.27,456.35,134.77
2024-01-11,West,Groceries,Beverages,13,39.86,518.18,122.54
2024-01-11,West,Furniture,Chair,11,401.47,4416.17,534.47
2024-01-11,North,Electronics,Smartwatch,13,150.16,1952.08,309.03
2024-01-11,East,Electronics,Smartphone,8,218.42,1747.36,503.84
2024-01-11,South,Clothing,Shoes,6,43.72,262.32,47.89
2024-01-11,South,Furniture,Table,14,109.28,1529.92,197.94
2024-01-11,East,Furniture,Table,9,288.12,2593.08,313.04
2024-01-11,North,Furniture,Chair,1,584.34,584.34,188.62
2024-01-11,North,Toys,Puzzle,6,13.77,82.62,11.7
2024-01-12,North,Clothing,Jeans,14,79.71,1115.94,366.94
2024-01-12,West,Furniture,Bed,10,402.47,4024.7,591.75
2024-01-12,South,Furniture,Chair,10,267.38,2673.8,570.35
2024-01-13,South,Furniture,Chair,1,220.9,220.9,26.3
2024-01-13,West,Groceries,Beverages,6,26.47,158.82,50.27
2024-01-13,East,Furniture,Bed,13,329.79,4287.27,832.52
2024-01-13,South,Clothing,Jacket,10,77.89,778.9,158.67
2024-01-13,South,Electronics,Laptop,1,56.15,56.15,18.43
2024-01-13,East,Electronics,Laptop,7,396.04,2772.28,366.74
2024-01-13,West,Toys,Action Figure,3,12.34,37.02,6.19
2024-01-13,North,Toys,Puzzle,7,52.61,368.27,87.64
2024-01-13,South,Electronics,Laptop,5,89.78,448.9,132.95
2024-01-14,South,Furniture,Chair,2,589.84,1179.68,305.73
2024-01-14,South,Toys,Puzzle,11,55.52,610.72,106.56
2024-01-14,North,Furniture,Sofa,10,561.83,5618.3,924.55
2024-01-14,East,Clothing,Jacket,8,53.46,427.68,79.29
2024-01-14,South,Groceries,Beverages,9,19.01,171.09,46.9
2024-01-14,South,Groceries,Beverages,9,28.36,255.24,28.13
2024-01-14,East,Electronics,Laptop,5,205.29,1026.45,194.0
2024-01-14,West,Toys,Puzzle,14,49.97,699.58,179.77
2024-01-15,North,Toys,Action Figure,8,50.31,402.48,115.54
2024-01-15,East,Clothing,Jacket,13,47.56,618.28,143.95
2024-01-15,North,Clothing,Jacket,2,12.57,25.14,5.73
2024-01-15,East,Clothing,Shoes,12,41.32,495.84,96.35
2024-01-15,East,Toys,Puzzle,10,21.66,216.6,40.23
2024-01-15,East,Electronics,Smartphone,9,355.6,3200.4,789.57
2024-01-15,East,Electronics,Laptop,8,313.94,2511.52,632.62
2024-01-15,South,Groceries,Snacks,11,26.2,288.2,39.83
2024-01-15,South,Groceries,Oil,7,8.08,56.56,17.57
2024-01-16,East,Toys,Doll,3,38.8,116.4,38.34
2024-01-16,East,Electronics,Laptop,6,488.78,2932.68,685.54
2024-01-16,West,Groceries,Rice,10,11.55,115.5,26.21
2024-01-16,North,Groceries,Oil,1,31.87,31.87,10.61
2024-01-16,East,Clothing,Shoes,13,13.63,177.19,61.57
2024-01-17,West,Toys,Puzzle,8,39.78,318.24,69.34
2024-01-17,North,Electronics,Smartphone,7,407.43,2852.01,950.39
2024-01-17,North,Groceries,Oil,11,7.33,80.63,25.03
2024-01-17,West,Clothing,T-Shirt,8,62.54,500.32,79.51
2024-01-17,East,Groceries,Rice,14,35.7,499.8,104.85
2024-01-17,East,Clothing,Jeans,14,53.69,751.66,141.94
2024-01-17,North,Groceries,Beverages,7,13.02,91.14,16.7
2024-01-18,South,Clothing,Jeans,8,21.67,173.36,42.18
2024-01-18,South,Furniture,Chair,13,466.85,6069.05,1471.58
2024-01-18,South,Groceries,Beverages,10,8.6,86.0,18.43
2024-01-18,South,Groceries,Oil,4,10.25,41.0,11.48
2024-01-18,North,Furniture,Chair,3,259.76,779.28,254.91
2024-01-19,West,Clothing,Jeans,6,42.34,254.04,57.53
2024-01-19,West,Groceries,Snacks,9,25.75,231.75,68.95
2024-01-19,South,Clothing,T-Shirt,5,20.68,103.4,29.38
2024-01-19,South,Furniture,Sofa,8,202.67,1621.36,237.66
2024-01-19,East,Electronics,Headphones,7,464.38,3250.66,369.57
2024-01-19,East,Toys,Doll,9,30.73,276.57,87.36
2024-01-19,East,Electronics,Laptop,6,205.86,1235.16,263.22
2024-01-19,East,Clothing,Jacket,3,50.43,151.29,44.65
2024-01-20,North,Electronics,Smartwatch,6,149.04,894.24,214.02
2024-01-20,East,Groceries,Beverages,6,22.58,135.48,38.95
2024-01-20,North,Furniture,Table,11,404.99,4454.89,1377.19
2024-01-20,East,Electronics,Smartwatch,3,79.57,238.71,47.79
2024-01-20,North,Toys,Action Figure,6,47.66,285.96,48.06
2024-01-21,East,Furniture,Chair,14,516.69,7233.66,1461.17
2024-01-21,East,Toys,Board Game,9,15.21,136.89,41.06
2024-01-21,North,Groceries,Snacks,3,30.23,90.69,22.74
2024-01-21,West,Groceries,Beverages,14,28.38,397.32,128.77
2024-01-21,East,Toys,Action Figure,7,53.82,376.74,98.23
2024-01-22,South,Furniture,Bed,2,509.06,1018.12,110.52
2024-01-22,South,Toys,Board Game,4,24.72,98.88,33.33
2024-01-22,West,Toys,Puzzle,6,33.55,201.3,29.29
2024-01-22,East,Groceries,Oil,2,23.96,47.92,6.46
2024-01-23,West,Toys,Board Game,14,10.92,152.88,50.23
2024-01-23,West,Furniture,Bed,5,290.73,1453.65,407.1
2024-01-23,South,Toys,Doll,5,39.87,199.35,49.86
2024-01-23,South,Electronics,Headphones,9,272.42,2451.78,503.86
2024-01-23,East,Electronics,Smartphone,2,124.83,249.66,49.26
2024-01-24,East,Clothing,Jeans,4,30.8,123.2,41.17
2024-01-24,South,Electronics,Laptop,5,267.69,1338.45,417.06
2024-01-24,South,Furniture,Chair,11,135.43,1489.73,420.17
2024-01-24,West,Furniture,Table,9,119.49,1075.41,108.17
2024-01-24,West,Furniture,Bed,3,127.62,382.86,51.38
2024-01-25,South,Clothing,T-Shirt,9,22.96,206.64,62.33
2024-01-25,North,Furniture,Table,7,549.75,3848.25,1051.7
2024-01-25,South,Toys,Doll,9,19.03,171.27,41.44
2024-01-25,North,Toys,Action Figure,10,15.76,157.6,32.38
2024-01-26,North,Furniture,Table,2,351.67,703.34,184.66
2024-01-26,West,Toys,Board Game,8,26.99,215.92,60.71
2024-01-26,West,Toys,Doll,12,46.89,562.68,129.44
2024-01-26,West,Clothing,Shoes,13,26.31,342.03,109.0
2024-01-26,West,Groceries,Oil,13,7.45,96.85,11.83
2024-01-26,East,Toys,Doll,14,48.41,677.74,138.56
2024-01-26,South,Groceries,Beverages,7,5.12,35.84,11.23
2024-01-27,North,Groceries,Oil,14,36.86,516.04,102.13
2024-01-27,East,Groceries,Snacks,4,32.52,130.08,41.6
2024-01-27,North,Clothing,Jeans,14,73.26,1025.64,205.53
2024-01-27,South,Furniture,Table,13,199.95,2599.35,403.22
2024-01-28,South,Electronics,Smartwatch,10,400.81,4008.1,1330.44
2024-01-28,West,Groceries,Beverages,10,23.03,230.3,74.7
2024-01-28,West,Electronics,Smartphone,3,151.0,453.0,55.66
2024-01-29,West,Furniture,Chair,8,576.94,4615.52,1395.64
2024-01-29,West,Furniture,Chair,8,211.38,1691.04,463.22
2024-01-29,East,Groceries,Beverages,10,8.83,88.3,10.19
2024-01-30,West,Toys,Action Figure,14,38.29,536.06,89.39
2024-01-30,West,Clothing,Jacket,6,70.77,424.62,77.92
2024-01-30,West,Furniture,Chair,13,471.41,6128.33,1962.4
2024-01-30,West,Groceries,Beverages,10,5.18,51.8,16.95
2024-01-30,South,Furniture,Table,2,83.32,166.64,42.37
2024-01-30,North,Furniture,Chair,1,84.72,84.72,11.19
2024-01-30,North,Furniture,Table,3,257.77,773.31,257.52
2024-01-31,West,Clothing,T-Shirt,6,58.15,348.9,40.76
2024-01-31,East,Furniture,Sofa,10,523.26,5232.6,1407.64
2024-01-31,South,Furniture,Sofa,12,92.79,1113.48,201.43
2024-01-31,East,Furniture,Sofa,3,323.64,970.92,121.9
2024-01-31,West,Groceries,Rice,9,29.28,263.52,71.18
2024-01-31,West,Electronics,Laptop,6,109.1,654.6,214.3
2024-01-31,East,Clothing,T-Shirt,5,37.83,189.15,61.19
2024-02-01,North,Electronics,Smartphone,2,145.9,291.8,63.7
2024-02-01,South,Electronics,Smartphone,8,121.66,973.28,226.37
2024-02-01,South,Clothing,Shoes,7,19.19,134.33,40.18
2024-02-01,North,Toys,Action Figure,9,37.92,341.28,53.37
2024-02-01,West,Groceries,Snacks,12,14.41,172.92,36.97
2024-02-01,South,Toys,Puzzle,8,46.09,368.72,97.43
2024-02-01,South,Groceries,Rice,9,6.39,57.51,9.23
2024-02-01,North,Groceries,Beverages,9,21.88,196.92,57.88
2024-02-01,West,Clothing,T-Shirt,2,46.24,92.48,11.06
2024-02-02,South,Electronics,Headphones,7,109.72,768.04,108.96
2024-02-02,North,Toys,Puzzle,1,40.83,40.83,10.34
2024-02-02,East,Toys,Doll,9,26.97,242.73,73.72
2024-02-02,East,Electronics,Headphones,7,347.37,2431.59,267.93
2024-02-02,North,Furniture,Bed,12,208.49,2501.88,795.46
2024-02-02,North,Furniture,Sofa,10,533.35,5333.5,591.57
2024-02-02,West,Clothing,Shoes,12,60.34,724.08,190.13
2024-02-02,South,Toys,Board Game,10,52.02,520.2,74.67
2024-02-03,West,Furniture,Bed,10,272.94,2729.4,300.31
2024-02-03,East,Groceries,Oil,1,6.03,6.03,1.5
2024-02-03,North,Groceries,Beverages,4,25.73,102.92,26.32
2024-02-03,South,Furniture,Bed,8,290.76,2326.08,600.44
2024-02-03,East,Electronics,Smartwatch,14,487.13,6819.82,2166.57
2024-02-03,East,Clothing,Shoes,14,35.15,492.1,168.47
2024-02-03,South,Groceries,Snacks,2,25.59,51.18,8.15
2024-02-04,East,Groceries,Snacks,11,16.58,182.38,24.88
2024-02-04,North,Toys,Action Figure,5,18.38,91.9,10.03
2024-02-04,North,Clothing,Shoes,5,47.35,236.75,74.83
2024-02-04,West,Toys,Action Figure,6,36.56,219.36,73.3
2024-02-04,West,Furniture,Bed,13,126.05,1638.65,403.38
2024-02-04,North,Electronics,Headphones,12,116.75,1401.0,363.95
2024-02-04,South,Furniture,Table,9,258.18,2323.62,305.41
2024-02-04,East,Toys,Board Game,14,58.5,819.0,101.13
2024-02-04,West,Toys,Board Game,8,43.08,344.64,118.78
2024-02-05,West,Toys,Board Game,10,48.43,484.3,62.12
2024-02-05,East,Furniture,Sofa,9,422.62,3803.58,999.61
2024-02-05,East,Groceries,Oil,10,26.17,261.7,91.16
2024-02-05,North,Clothing,Jacket,13,49.69,645.97,117.41
2024-02-05,North,Toys,Action Figure,6,53.45,320.7,62.19
2024-02-06,South,Clothing,Shoes,6,32.99,197.94,38.62
2024-02-06,East,Toys,Board Game,13,13.66,177.58,44.55
2024-02-06,North,Clothing,Jacket,14,63.15,884.1,275.66
2024-02-06,South,Groceries,Oil,12,18.31,219.72,51.28
2024-02-06,East,Electronics,Smartphone,11,394.2,4336.2,645.85
2024-02-06,East,Electronics,Laptop,7,453.52,3174.64,473.94
2024-02-06,East,Clothing,Shoes,13,17.1,222.3,39.31
2024-02-06,North,Electronics,Headphones,12,292.62,3511.44,714.18
2024-02-07,West,Furniture,Bed,14,353.08,4943.12,626.39
2024-02-07,East,Clothing,T-Shirt,10,74.24,742.4,143.56
2024-02-07,East,Furniture,Chair,13,505.98,6577.74,1032.84
2024-02-08,North,Furniture,Bed,10,480.37,4803.7,787.38
2024-02-08,North,Toys,Puzzle,4,14.78,59.12,15.13
2024-02-08,South,Clothing,Jacket,1,20.71,20.71,4.84
2024-02-09,North,Clothing,T-Shirt,5,52.5,262.5,65.26
2024-02-09,West,Toys,Action Figure,14,32.14,449.96,95.14
2024-02-09,West,Furniture,Bed,9,134.14,1207.26,295.29
2024-02-09,East,Toys,Doll,7,30.06,210.42,40.35
2024-02-09,East,Toys,Puzzle,6,50.02,300.12,47.55
2024-02-09,North,Clothing,Jeans,5,51.5,257.5,38.0
2024-02-09,East,Electronics,Smartphone,2,497.36,994.72,114.43
2024-02-09,South,Clothing,T-Shirt,12,77.32,927.84,187.77
2024-02-10,South,Electronics,Smartwatch,9,419.81,3778.29,739.15
2024-02-10,West,Toys,Doll,7,37.0,259.0,80.42
2024-02-10,East,Electronics,Smartphone,5,91.82,459.1,104.08
2024-02-10,East,Groceries,Beverages,4,15.61,62.44,7.61
2024-02-10,North,Clothing,Jacket,11,45.68,502.48,159.96
2024-02-10,South,Furniture,Chair,6,522.74,3136.44,1043.33
2024-02-10,South,Clothing,Jacket,10,53.96,539.6,73.02
2024-02-10,South,Electronics,Laptop,7,187.11,1309.77,244.3
2024-02-11,South,Groceries,Snacks,2,9.64,19.28,4.28
2024-02-11,West,Electronics,Smartwatch,14,454.22,6359.08,1695.18
2024-02-11,East,Furniture,Sofa,2,580.82,1161.64,396.65
2024-02-11,West,Furniture,Chair,12,134.95,1619.4,249.4
2024-02-11,North,Furniture,Sofa,14,373.51,5229.14,799.74
2024-02-11,East,Electronics,Laptop,14,497.69,6967.66,944.55
2024-02-12,South,Toys,Puzzle,12,35.47,425.64,148.62
2024-02-12,East,Toys,Puzzle,1,52.4,52.4,14.73
2024-02-12,South,Furniture,Bed,5,271.23,1356.15,416.18
2024-02-13,East,Clothing,Shoes,13,10.77,140.01,23.1
2024-02-13,West,Electronics,Smartwatch,10,356.44,3564.4,917.21
2024-02-13,East,Furniture,Sofa,5,137.06,685.3,146.38
2024-02-13,East,Electronics,Smartphone,4,169.71,678.84,178.49
2024-02-13,East,Furniture,Bed,3,488.21,1464.63,496.27
2024-02-13,East,Furniture,Chair,1,119.74,119.74,39.82
2024-02-13,West,Electronics,Headphones,12,401.53,4818.36,755.24
2024-02-14,East,Groceries,Rice,12,8.7,104.4,11.69
2024-02-14,West,Toys,Puzzle,8,10.61,84.88,28.78
2024-02-14,West,Furniture,Chair,5,584.79,2923.95,865.37
2024-02-15,South,Toys,Board Game,11,31.21,343.31,41.42
2024-02-15,West,Furniture,Chair,12,587.52,7050.24,723.4
2024-02-15,South,Groceries,Oil,4,27.54,110.16,37.69
2024-02-15,East,Furniture,Bed,5,332.73,1663.65,382.96
2024-02-15,North,Electronics,Smartphone,12,120.49,1445.88,280.5
2024-02-16,South,Groceries,Rice,12,14.58,174.96,39.19
2024-02-16,West,Electronics,Smartphone,1,340.61,340.61,112.31
2024-02-16,North,Furniture,Chair,2,469.06,938.12,136.17
2024-02-16,South,Furniture,Sofa,11,360.57,3966.27,503.66
2024-02-16,East,Furniture,Bed,5,343.04,1715.2,485.75
2024-02-16,West,Clothing,Shoes,11,62.04,682.44,84.24
2024-02-16,South,Furniture,Table,12,320.01,3840.12,620.83
2024-02-16,South,Electronics,Headphones,5,446.65,2233.25,396.92
2024-02-17,West,Groceries,Snacks,14,17.44,244.16,24.74
2024-02-17,North,Groceries,Snacks,10,5.39,53.9,14.53
2024-02-17,West,Clothing,Shoes,3,42.92,128.76,33.59
2024-02-17,West,Groceries,Snacks,10,18.7,187.0,18.85
2024-02-17,West,Furniture,Sofa,6,289.21,1735.26,394.82
2024-02-17,South,Clothing,Shoes,3,50.6,151.8,40.85
2024-02-17,South,Furniture,Chair,2,410.98,821.96,225.1
2024-02-18,East,Furniture,Bed,14,350.55,4907.7,640.92
2024-02-18,West,Clothing,Shoes,1,16.2,16.2,5.66
2024-02-18,North,Clothing,Jacket,12,22.14,265.68,72.13
2024-02-18,North,Furniture,Chair,14,185.53,2597.42,895.88
2024-02-18,West,Electronics,Smartphone,3,61.79,185.37,32.38
2024-02-18,West,Clothing,T-Shirt,5,69.69,348.45,76.74
2024-02-19,West,Groceries,Snacks,10,27.09,270.9,88.68
2024-02-19,West,Electronics,Headphones,8,378.28,3026.24,871.08
2024-02-19,West,Groceries,Beverages,8,14.9,119.2,20.14
2024-02-19,North,Toys,Puzzle,7,32.49,227.43,66.9
2024-02-19,South,Groceries,Oil,12,6.63,79.56,14.84
2024-02-19,North,Furniture,Chair,2,91.35,182.7,62.27
2024-02-19,North,Furniture,Table,7,404.7,2832.9,977.03
2024-02-20,East,Electronics,Laptop,3,376.32,1128.96,385.92
2024-02-20,East,Electronics,Headphones,13,101.34,1317.42,316.58
2024-02-20,East,Groceries,Beverages,1,19.14,19.14,4.54
2024-02-20,South,Clothing,Shoes,2,42.08,84.16,26.3
2024-02-20,South,Clothing,Jeans,2,70.34,140.68,41.75
2024-02-20,North,Toys,Doll,6,20.07,120.42,19.83
2024-02-20,South,Furniture,Table,4,89.33,357.32,94.66
2024-02-21,South,Furniture,Sofa,12,470.38,5644.56,1344.13
2024-02-21,West,Groceries,Rice,8,23.85,190.8,50.41
2024-02-21,West,Groceries,Oil,9,20.44,183.96,22.72
2024-02-21,North,Furniture,Sofa,12,494.92,5939.04,1952.59
2024-02-21,East,Furniture,Sofa,8,166.34,1330.72,253.87
2024-02-21,West,Groceries,Oil,11,9.92,109.12,35.3
2024-02-22,West,Furniture,Chair,11,525.57,5781.27,1647.27
2024-02-22,South,Furniture,Sofa,7,427.32,2991.24,423.23
2024-02-22,East,Groceries,Rice,6,9.54,57.24,6.14
2024-02-22,West,Groceries,Rice,4,30.6,122.4,37.3
2024-02-22,North,Toys,Doll,2,42.58,85.16,15.2
2024-02-22,East,Clothing,Jacket,8,67.98,543.84,166.68
2024-02-23,South,Clothing,Jacket,1,19.94,19.94,5.24
2024-02-23,South,Electronics,Laptop,6,382.13,2292.78,653.04
2024-02-23,East,Furniture,Chair,2,170.94,341.88,53.61
2024-02-23,East,Clothing,T-Shirt,8,15.4,123.2,23.42
2024-02-23,East,Groceries,Beverages,5,27.86,139.3,40.61
2024-02-23,South,Clothing,Jeans,3,72.92,218.76,31.12
2024-02-23,East,Toys,Board Game,2,29.02,58.04,19.98
2024-02-23,South,Groceries,Beverages,14,19.75,276.5,36.46
2024-02-24,East,Groceries,Rice,3,29.48,88.44,22.58
2024-02-24,West,Electronics,Smartphone,9,187.14,1684.26,464.72
2024-02-24,South,Furniture,Sofa,13,374.93,4874.09,1492.12
2024-02-25,North,Furniture,Chair,3,113.54,340.62,108.77
2024-02-25,East,Toys,Puzzle,13,21.98,285.74,85.33
2024-02-25,West,Groceries,Snacks,14,32.62,456.68,74.47
2024-02-25,West,Groceries,Rice,5,8.29,41.45,12.74
2024-02-25,South,Furniture,Chair,8,122.75,982.0,212.22
2024-02-25,East,Toys,Action Figure,9,32.26,290.34,86.29
2024-02-25,North,Furniture,Sofa,3,279.95,839.85,220.93
2024-02-26,West,Electronics,Smartphone,8,320.29,2562.32,419.19
2024-02-26,North,Electronics,Headphones,1,67.89,67.89,14.43
2024-02-26,West,Electronics,Laptop,13,266.92,3469.96,795.12
2024-02-26,South,Toys,Action Figure,6,24.25,145.5,31.39
2024-02-27,West,Furniture,Sofa,1,224.47,224.47,38.42
2024-02-27,West,Toys,Action Figure,1,34.68,34.68,9.56
2024-02-27,West,Electronics,Smartwatch,3,252.77,758.31,243.09
2024-02-27,West,Groceries,Rice,13,15.83,205.79,62.83
2024-02-27,East,Clothing,Shoes,8,10.15,81.2,25.81
2024-02-27,West,Clothing,Jacket,2,36.87,73.74,15.1
2024-02-27,North,Groceries,Snacks,4,16.24,64.96,16.99
2024-02-28,North,Furniture,Sofa,2,152.21,304.42,42.19
2024-02-28,South,Electronics,Smartwatch,3,375.79,1127.37,152.8
2024-02-28,North,Clothing,T-Shirt,1,47.27,47.27,15.48
2024-02-28,North,Groceries,Oil,14,30.52,427.28,116.7
2024-02-29,South,Toys,Action Figure,4,32.32,129.28,38.73
2024-02-29,North,Toys,Action Figure,3,54.48,163.44,16.85
2024-02-29,South,Clothing,Jacket,11,59.39,653.29,135.64
2024-02-29,South,Toys,Puzzle,4,35.86,143.44,27.93
2024-03-01,East,Clothing,Jeans,11,65.42,719.62,167.51
2024-03-01,East,Clothing,T-Shirt,4,49.18,196.72,30.91
2024-03-01,North,Clothing,T-Shirt,8,77.48,619.84,122.11
2024-03-01,East,Clothing,Jacket,10,31.92,319.2,98.59
2024-03-01,North,Clothing,Jacket,5,31.98,159.9,55.33
2024-03-02,North,Clothing,Shoes,11,37.26,409.86,56.78
2024-03-02,North,Electronics,Smartwatch,1,289.52,289.52,88.8
2024-03-02,West,Groceries,Rice,13,16.99,220.87,52.88
2024-03-02,West,Toys,Action Figure,3,50.84,152.52,23.16
2024-03-02,North,Toys,Board Game,13,41.03,533.39,80.18
2024-03-02,West,Electronics,Laptop,5,116.59,582.95,144.72
2024-03-02,West,Furniture,Bed,2,147.94,295.88,38.82
2024-03-03,North,Furniture,Bed,8,157.37,1258.96,434.65
2024-03-03,North,Electronics,Headphones,12,389.58,4674.96,1125.16
2024-03-03,South,Electronics,Smartphone,7,223.94,1567.58,541.1
2024-03-04,East,Toys,Board Game,12,20.02,240.24,30.59
2024-03-04,West,Toys,Board Game,4,25.59,102.36,16.79
2024-03-04,West,Toys,Doll,5,33.84,169.2,46.01
2024-03-04,North,Electronics,Smartphone,11,442.42,4866.62,892.3
2024-03-05,West,Furniture,Table,8,184.34,1474.72,180.58
2024-03-05,West,Groceries,Beverages,14,34.2,478.8,138.07
2024-03-05,West,Furniture,Chair,5,444.02,2220.1,443.52
2024-03-05,East,Furniture,Sofa,2,114.33,228.66,29.21
2024-03-05,East,Groceries,Oil,12,5.21,62.52,16.91
2024-03-06,West,Electronics,Laptop,7,428.93,3002.51,800.81
2024-03-06,North,Electronics,Smartwatch,12,438.53,5262.36,555.21
2024-03-06,North,Groceries,Oil,7,27.42,191.94,36.36
2024-03-07,North,Toys,Board Game,9,39.29,353.61,90.59
2024-03-07,North,Furniture,Sofa,4,202.02,808.08,139.39
2024-03-07,West,Electronics,Headphones,14,284.08,3977.12,680.36
2024-03-08,East,Groceries,Rice,8,31.2,249.6,56.85
2024-03-08,South,Clothing,Shoes,10,51.54,515.4,95.4
2024-03-08,South,Electronics,Headphones,12,383.41,4600.92,1429.4
2024-03-08,East,Electronics,Headphones,12,307.31,3687.72,1231.99
2024-03-09,South,Furniture,Chair,5,563.69,2818.45,758.06
2024-03-09,East,Electronics,Smartphone,7,164.4,1150.8,309.6
2024-03-09,East,Groceries,Snacks,9,32.36,291.24,55.34
2024-03-09,East,Electronics,Smartphone,7,275.18,1926.26,370.72
2024-03-09,South,Toys,Doll,12,45.98,551.76,106.37
2024-03-10,North,Clothing,T-Shirt,11,55.34,608.74,120.95
2024-03-10,North,Toys,Action Figure,8,29.76,238.08,66.26
2024-03-10,West,Furniture,Bed,6,426.77,2560.62,756.67
2024-03-10,East,Clothing,Jacket,5,68.48,342.4,35.89
2024-03-10,East,Groceries,Rice,4,30.77,123.08,20.51
2024-03-10,North,Clothing,Jeans,13,77.44,1006.72,295.47
2024-03-10,North,Electronics,Headphones,1,284.58,284.58,85.88
2024-03-10,West,Furniture,Bed,2,257.74,515.48,80.32
2024-03-11,West,Furniture,Sofa,14,365.16,5112.24,1374.66
2024-03-11,South,Toys,Puzzle,11,17.62,193.82,62.97
2024-03-11,East,Furniture,Chair,13,468.67,6092.71,697.38
2024-03-12,East,Toys,Doll,8,58.14,465.12,55.3
2024-03-12,East,Electronics,Smartphone,9,142.24,1280.16,228.88
2024-03-12,West,Toys,Puzzle,3,43.71,131.13,21.63
2024-03-12,North,Clothing,Jacket,1,33.61,33.61,9.16
2024-03-13,South,Clothing,Jacket,1,44.81,44.81,7.86
2024-03-13,East,Groceries,Rice,2,28.79,57.58,17.37
2024-03-13,North,Furniture,Bed,2,371.65,743.3,163.77
2024-03-13,South,Clothing,Shoes,13,69.06,897.78,144.09
2024-03-14,South,Toys,Board Game,9,59.06,531.54,128.84
2024-03-14,North,Furniture,Chair,11,191.26,2103.86,217.85
2024-03-14,West,Electronics,Smartwatch,12,406.67,4880.04,1680.33
2024-03-14,North,Groceries,Beverages,7,32.06,224.42,48.15
2024-03-14,West,Furniture,Sofa,1,339.43,339.43,34.71
2024-03-14,North,Furniture,Chair,5,103.95,519.75,75.09
2024-03-14,East,Clothing,Shoes,7,16.68,116.76,31.01
2024-03-14,East,Electronics,Smartwatch,10,455.62,4556.2,1039.63
2024-03-15,North,Clothing,Shoes,1,16.35,16.35,2.76
2024-03-15,West,Toys,Puzzle,1,42.83,42.83,6.86
2024-03-15,West,Groceries,Snacks,10,5.96,59.6,9.37
2024-03-15,South,Groceries,Oil,1,14.89,14.89,3.11
2024-03-15,North,Toys,Puzzle,3,31.51,94.53,30.81
2024-03-15,South,Groceries,Snacks,10,32.31,323.1,48.84
2024-03-15,South,Clothing,T-Shirt,13,30.7,399.1,76.26
2024-03-15,South,Groceries,Oil,10,19.33,193.3,35.38
2024-03-15,South,Toys,Action Figure,2,33.16,66.32,7.38
2024-03-16,North,Clothing,Shoes,7,37.43,262.01,30.22
2024-03-16,West,Toys,Doll,6,25.2,151.2,23.83
2024-03-16,East,Groceries,Oil,3,15.85,47.55,9.7
2024-03-16,West,Electronics,Smartwatch,13,240.18,3122.34,454.0
2024-03-16,West,Groceries,Snacks,14,19.2,268.8,63.33
2024-03-16,North,Groceries,Rice,8,24.06,192.48,56.81
2024-03-17,East,Furniture,Bed,1,392.81,392.81,109.44
2024-03-17,North,Electronics,Headphones,5,302.04,1510.2,320.47
2024-03-17,East,Electronics,Laptop,2,363.74,727.48,205.33
2024-03-18,West,Furniture,Chair,9,259.58,2336.22,805.13
2024-03-18,West,Toys,Action Figure,3,37.47,112.41,20.01
2024-03-18,East,Toys,Doll,10,11.26,112.6,34.88
2024-03-18,South,Electronics,Smartwatch,8,408.9,3271.2,736.91
2024-03-18,North,Groceries,Rice,6,6.81,40.86,12.9
2024-03-18,South,Electronics,Smartphone,13,482.68,6274.84,1896.24
2024-03-18,West,Furniture,Table,4,340.79,1363.16,242.94
2024-03-18,East,Groceries,Snacks,7,36.71,256.97,29.03
2024-03-19,West,Furniture,Sofa,12,403.07,4836.84,1369.67
2024-03-19,North,Groceries,Rice,14,17.45,244.3,65.81
2024-03-19,East,Electronics,Smartwatch,11,75.46,830.06,214.21
2024-03-20,East,Groceries,Oil,7,8.55,59.85,12.45
2024-03-20,East,Electronics,Smartphone,9,55.17,496.53,171.17
2024-03-20,East,Groceries,Beverages,9,19.8,178.2,29.59
2024-03-20,South,Toys,Puzzle,10,44.49,444.9,60.5
2024-03-20,East,Toys,Doll,7,14.6,102.2,25.53
2024-03-20,East,Clothing,T-Shirt,4,48.74,194.96,46.97
2024-03-20,West,Toys,Board Game,9,39.88,358.92,113.61
2024-03-20,North,Groceries,Snacks,1,26.43,26.43,2.69
2024-03-21,South,Clothing,Jacket,4,57.61,230.44,37.63
2024-03-21,West,Clothing,Jeans,4,25.43,101.72,15.63
2024-03-21,South,Clothing,T-Shirt,6,10.58,63.48,20.86
2024-03-21,East,Electronics,Laptop,12,437.59,5251.08,825.96
2024-03-21,East,Toys,Action Figure,11,19.96,219.56,70.12
2024-03-21,West,Clothing,Jeans,4,27.39,109.56,12.67
2024-03-21,South,Toys,Action Figure,13,28.61,371.93,68.16
2024-03-21,West,Electronics,Smartwatch,2,412.29,824.58,209.6
2024-03-22,East,Clothing,Shoes,7,46.5,325.5,80.11
2024-03-22,East,Furniture,Table,9,527.11,4743.99,1408.22
2024-03-22,South,Groceries,Beverages,2,29.69,59.38,15.58
2024-03-23,South,Groceries,Beverages,12,32.48,389.76,96.49
2024-03-23,West,Groceries,Beverages,7,37.45,262.15,53.06
2024-03-23,West,Clothing,Jeans,2,74.68,149.36,50.13
2024-03-23,South,Groceries,Rice,2,28.98,57.96,10.29
2024-03-23,West,Groceries,Rice,12,13.92,167.04,53.15
2024-03-23,North,Groceries,Rice,13,38.35,498.55,112.88
2024-03-23,South,Groceries,Beverages,7,36.62,256.34,47.99
2024-03-24,South,Furniture,Chair,6,320.16,1920.96,198.46
2024-03-24,South,Furniture,Sofa,9,440.85,3967.65,513.37
2024-03-24,North,Furniture,Chair,1,490.5,490.5,115.44
2024-03-25,West,Toys,Board Game,1,41.73,41.73,10.25
2024-03-25,South,Furniture,Chair,2,110.02,220.04,34.89
2024-03-25,East,Clothing,T-Shirt,14,53.14,743.96,175.0
2024-03-25,East,Electronics,Headphones,10,235.34,2353.4,573.88
2024-03-25,South,Clothing,T-Shirt,13,18.08,235.04,31.9
2024-03-25,East,Furniture,Table,10,433.03,4330.3,1463.04
2024-03-25,West,Furniture,Chair,1,326.61,326.61,83.97
2024-03-25,North,Electronics,Headphones,10,163.97,1639.7,500.68
2024-03-26,South,Clothing,Shoes,3,29.99,89.97,18.1
2024-03-26,North,Groceries,Oil,3,27.67,83.01,12.62
2024-03-26,East,Electronics,Laptop,8,444.81,3558.48,932.6
2024-03-27,South,Furniture,Bed,2,598.53,1197.06,215.82
2024-03-27,North,Electronics,Smartwatch,3,81.5,244.5,47.03
2024-03-27,North,Toys,Action Figure,11,43.08,473.88,104.73
2024-03-27,South,Groceries,Beverages,12,8.63,103.56,21.39
2024-03-27,North,Toys,Board Game,10,17.02,170.2,45.58
2024-03-27,South,Toys,Doll,12,47.5,570.0,186.42
2024-03-27,South,Electronics,Headphones,7,322.44,2257.08,653.58
2024-03-28,North,Toys,Puzzle,10,19.27,192.7,48.16
2024-03-28,West,Furniture,Chair,2,177.72,355.44,97.4
2024-03-28,West,Groceries,Snacks,12,38.55,462.6,107.93
2024-03-28,North,Groceries,Rice,3,16.36,49.08,13.43
2024-03-28,East,Clothing,T-Shirt,13,67.66,879.58,189.44
2024-03-28,East,Clothing,T-Shirt,7,16.19,113.33,12.22
2024-03-29,East,Toys,Board Game,6,11.95,71.7,19.12
2024-03-29,South,Furniture,Bed,6,462.84,2777.04,740.62
2024-03-29,South,Clothing,T-Shirt,2,27.43,54.86,19.19
2024-03-29,West,Electronics,Headphones,11,470.11,5171.21,1255.52
2024-03-29,South,Electronics,Smartphone,13,193.15,2510.95,259.69
2024-03-29,North,Groceries,Snacks,12,5.5,66.0,19.18
2024-03-29,West,Toys,Doll,7,53.22,372.54,91.92
2024-03-29,East,Electronics,Smartphone,9,81.2,730.8,178.83
2024-03-29,East,Groceries,Rice,3,18.0,54.0,11.74
2024-03-30,East,Groceries,Rice,12,21.14,253.68,85.57
2024-03-30,East,Furniture,Bed,13,569.68,7405.84,1666.98
2024-03-30,West,Furniture,Sofa,9,368.44,3315.96,1003.29
2024-03-30,South,Furniture,Bed,1,427.24,427.24,60.85
2024-03-30,East,Toys,Board Game,4,32.74,130.96,35.55
2024-03-30,North,Furniture,Chair,6,159.92,959.52,162.4
2024-03-30,West,Toys,Action Figure,4,45.13,180.52,21.05
2024-03-31,East,Groceries,Rice,14,13.62,190.68,42.98
2024-03-31,North,Groceries,Snacks,11,30.81,338.91,118.38
2024-03-31,East,Furniture,Bed,4,401.88,1607.52,472.58
2024-03-31,South,Furniture,Sofa,14,504.83,7067.62,2364.06
2024-04-01,West,Electronics,Headphones,14,223.52,3129.28,523.03
2024-04-01,West,Groceries,Rice,10,23.55,235.5,30.29
2024-04-01,North,Furniture,Sofa,12,235.68,2828.16,374.5
2024-04-01,South,Electronics,Smartphone,7,214.52,1501.64,487.37
2024-04-01,West,Electronics,Smartphone,2,204.19,408.38,71.71
2024-04-02,North,Clothing,Jacket,14,19.6,274.4,70.25
2024-04-02,East,Furniture,Chair,12,239.36,2872.32,328.15
2024-04-02,South,Furniture,Sofa,8,364.56,2916.48,775.93
2024-04-02,East,Furniture,Chair,10,594.51,5945.1,1146.61
2024-04-02,South,Toys,Board Game,11,44.35,487.85,129.05
2024-04-02,West,Groceries,Snacks,9,16.49,148.41,19.52
2024-04-03,South,Electronics,Laptop,13,478.15,6215.95,1623.52
2024-04-03,South,Furniture,Bed,4,225.3,901.2,282.68
2024-04-03,North,Groceries,Snacks,5,11.4,57.0,18.91
2024-04-03,West,Clothing,Jacket,8,35.98,287.84,93.12
2024-04-03,West,Clothing,T-Shirt,12,69.16,829.92,128.74
2024-04-03,South,Electronics,Smartwatch,14,284.03,3976.42,994.38
2024-04-03,South,Furniture,Chair,1,318.33,318.33,39.3
2024-04-04,East,Groceries,Rice,8,15.2,121.6,39.78
2024-04-04,East,Groceries,Oil,7,29.59,207.13,47.27
2024-04-04,South,Groceries,Oil,14,18.93,265.02,28.52
2024-04-04,North,Clothing,Jeans,5,55.26,276.3,81.06
2024-04-05,South,Furniture,Chair,7,562.76,3939.32,1177.86
2024-04-05,East,Toys,Board Game,11,15.58,171.38,43.2
2024-04-05,West,Toys,Action Figure,8,12.78,102.24,24.75
2024-04-05,North,Electronics,Headphones,1,144.85,144.85,27.73
2024-04-05,West,Furniture,Bed,6,483.13,2898.78,539.96
2024-04-05,West,Toys,Puzzle,1,39.86,39.86,10.5
2024-04-05,South,Groceries,Rice,8,38.15,305.2,51.69
2024-04-06,West,Furniture,Sofa,4,447.25,1789.0,621.73
2024-04-06,South,Toys,Action Figure,10,14.45,144.5,50.28
2024-04-06,South,Furniture,Chair,1,562.89,562.89,69.29
2024-04-06,North,Toys,Action Figure,8,35.08,280.64,45.37
2024-04-06,East,Clothing,Jeans,14,73.33,1026.62,178.19
2024-04-07,East,Clothing,Jacket,10,64.89,648.9,181.22
2024-04-07,East,Electronics,Headphones,7,448.06,3136.42,526.63
2024-04-07,South,Toys,Board Game,9,51.12,460.08,65.95
2024-04-07,South,Groceries,Rice,13,22.25,289.25,60.3
2024-04-07,South,Toys,Action Figure,5,20.9,104.5,10.85
2024-04-08,South,Toys,Board Game,2,30.54,61.08,14.67
2024-04-08,North,Electronics,Laptop,4,54.86,219.44,47.4
2024-04-08,North,Toys,Board Game,8,49.18,393.44,108.17
2024-04-08,South,Toys,Doll,3,38.4,115.2,20.06
2024-04-08,North,Furniture,Sofa,13,96.52,1254.76,200.78
2024-04-09,East,Furniture,Table,7,193.5,1354.5,329.97
2024-04-09,West,Groceries,Beverages,9,33.82,304.38,57.13
2024-04-09,North,Electronics,Smartphone,8,121.24,969.92,183.88
2024-04-09,West,Furniture,Bed,13,500.37,6504.81,1275.94
2024-04-10,West,Clothing,Jacket,5,11.17,55.85,13.99
2024-04-10,South,Groceries,Snacks,5,27.9,139.5,46.32
2024-04-10,East,Furniture,Table,14,398.65,5581.1,1481.47
2024-04-11,East,Toys,Puzzle,3,50.73,152.19,38.5
2024-04-11,East,Clothing,Shoes,1,77.36,77.36,18.14
2024-04-11,North,Groceries,Beverages,5,11.36,56.8,6.28
2024-04-12,South,Clothing,T-Shirt,10,71.55,715.5,202.39
2024-04-12,North,Groceries,Beverages,9,6.76,60.84,10.9
2024-04-12,West,Clothing,Jeans,3,32.04,96.12,20.28
2024-04-12,East,Toys,Board Game,14,31.57,441.98,86.08
2024-04-12,South,Clothing,Shoes,7,40.36,282.52,91.93
2024-04-12,West,Furniture,Sofa,6,83.32,499.92,170.69
2024-04-12,West,Electronics,Laptop,4,155.25,621.0,82.66
2024-04-13,West,Toys,Doll,7,42.98,300.86,81.84
2024-04-13,South,Clothing,Jacket,1,23.87,23.87,5.35
2024-04-13,North,Electronics,Headphones,7,237.74,1664.18,540.01
2024-04-13,West,Toys,Doll,9,17.98,161.82,29.76
2024-04-13,East,Toys,Puzzle,10,16.77,167.7,26.47
2024-04-13,North,Furniture,Table,2,100.48,200.96,39.84
2024-04-13,East,Groceries,Beverages,5,32.36,161.8,44.4
2024-04-13,East,Electronics,Smartwatch,12,228.96,2747.52,461.23
2024-04-14,North,Toys,Action Figure,7,50.28,351.96,54.93
2024-04-14,East,Toys,Board Game,8,12.53,100.24,25.72
2024-04-14,North,Furniture,Bed,5,106.67,533.35,112.28
2024-04-14,East,Toys,Puzzle,3,20.43,61.29,10.67
2024-04-14,South,Electronics,Smartwatch,7,119.25,834.75,225.32
2024-04-14,East,Groceries,Snacks,5,16.81,84.05,28.91
2024-04-14,South,Clothing,Shoes,4,72.7,290.8,46.57
2024-04-14,North,Electronics,Laptop,9,113.5,1021.5,238.81
2024-04-14,South,Groceries,Beverages,6,7.84,47.04,16.33
2024-04-15,West,Clothing,Jeans,10,56.16,561.6,121.82
2024-04-15,East,Toys,Board Game,2,35.04,70.08,18.31
2024-04-15,South,Furniture,Sofa,7,369.22,2584.54,268.92
2024-04-15,East,Toys,Doll,2,42.6,85.2,25.15
2024-04-15,East,Furniture,Chair,7,145.5,1018.5,273.43
2024-04-16,East,Groceries,Rice,3,25.8,77.4,18.87
2024-04-16,West,Toys,Board Game,14,57.15,800.1,144.78
2024-04-16,North,Toys,Doll,8,40.3,322.4,100.71
2024-04-16,East,Toys,Action Figure,11,30.57,336.27,44.25
2024-04-16,North,Toys,Doll,10,41.57,415.7,85.88
2024-04-16,South,Toys,Doll,12,29.89,358.68,108.14
2024-04-16,South,Clothing,T-Shirt,5,49.47,247.35,61.89
2024-04-17,North,Clothing,T-Shirt,2,38.46,76.92,17.8
2024-04-17,West,Groceries,Beverages,13,28.67,372.71,64.84
2024-04-17,South,Furniture,Table,13,409.53,5323.89,554.01
2024-04-17,West,Toys,Doll,6,16.31,97.86,29.69
2024-04-17,North,Clothing,Jeans,1,74.29,74.29,20.97
2024-04-17,East,Furniture,Bed,11,247.82,2726.02,373.61
2024-04-17,East,Clothing,Shoes,14,69.58,974.12,118.13
2024-04-17,East,Toys,Board Game,9,29.49,265.41,58.39
2024-04-18,East,Toys,Doll,7,14.38,100.66,11.72
2024-04-18,South,Clothing,Jacket,4,66.87,267.48,71.72
2024-04-18,East,Clothing,Jacket,6,58.63,351.78,45.69
2024-04-18,East,Clothing,Shoes,4,62.74,250.96,63.94
2024-04-18,East,Furniture,Sofa,13,335.87,4366.31,690.47
2024-04-18,East,Groceries,Rice,8,8.78,70.24,16.53
2024-04-19,West,Furniture,Sofa,8,363.06,2904.48,753.55
2024-04-19,South,Groceries,Rice,11,14.51,159.61,42.02
2024-04-19,East,Electronics,Headphones,12,454.07,5448.84,1418.01
2024-04-19,West,Groceries,Beverages,13,31.97,415.61,96.6
2024-04-19,South,Clothing,Jacket,5,13.98,69.9,18.8
2024-04-19,East,Clothing,T-Shirt,11,57.33,630.63,187.61
2024-04-20,South,Clothing,T-Shirt,12,34.19,410.28,58.06
2024-04-20,South,Clothing,T-Shirt,3,79.84,239.52,30.85
2024-04-20,North,Furniture,Sofa,8,400.54,3204.32,638.42
2024-04-20,West,Electronics,Smartphone,7,236.73,1657.11,274.45
2024-04-21,North,Toys,Action Figure,2,18.13,36.26,10.28
2024-04-21,West,Furniture,Bed,11,269.1,2960.1,382.21
2024-04-21,South,Groceries,Snacks,8,7.77,62.16,12.37
2024-04-21,East,Electronics,Laptop,12,445.45,5345.4,1234.34
2024-04-21,South,Toys,Puzzle,14,33.84,473.76,122.0
2024-04-21,South,Furniture,Table,14,432.82,6059.48,2102.26
2024-04-21,North,Furniture,Bed,10,290.82,2908.2,712.98
2024-04-22,South,Groceries,Rice,14,33.34,466.76,161.33
2024-04-22,North,Groceries,Rice,5,24.84,124.2,13.17
2024-04-22,East,Groceries,Beverages,12,36.58,438.96,92.46
2024-04-22,West,Clothing,Shoes,11,40.88,449.68,52.62
2024-04-22,East,Clothing,T-Shirt,2,54.2,108.4,36.8
2024-04-22,East,Clothing,Shoes,14,39.06,546.84,166.73
2024-04-22,East,Clothing,T-Shirt,5,63.46,317.3,38.08
2024-04-23,East,Groceries,Oil,11,12.08,132.88,26.5
2024-04-23,South,Toys,Doll,13,33.72,438.36,44.64
2024-04-23,West,Toys,Board Game,3,37.89,113.67,38.64
2024-04-23,North,Furniture,Chair,9,549.44,4944.96,1052.28
2024-04-23,South,Clothing,Shoes,10,68.95,689.5,90.83
2024-04-23,East,Clothing,T-Shirt,10,57.64,576.4,162.66
2024-04-23,East,Furniture,Table,9,119.91,1079.19,288.8
2024-04-24,West,Groceries,Snacks,8,19.54,156.32,22.55
2024-04-24,East,Toys,Puzzle,2,15.74,31.48,7.01
2024-04-24,East,Groceries,Oil,5,32.91,164.55,36.0
2024-04-24,North,Electronics,Smartwatch,12,82.73,992.76,159.01
2024-04-24,East,Clothing,Shoes,14,61.12,855.68,216.55
2024-04-25,East,Electronics,Headphones,3,200.39,601.17,180.98
2024-04-25,East,Toys,Action Figure,13,32.98,428.74,115.31
2024-04-25,South,Clothing,Shoes,14,79.76,1116.64,148.8
2024-04-25,South,Furniture,Sofa,12,146.34,1756.08,331.19
2024-04-25,West,Toys,Doll,3,39.69,119.07,29.04
2024-04-25,South,Clothing,T-Shirt,1,23.92,23.92,7.34
2024-04-25,West,Toys,Board Game,3,44.75,134.25,32.47
2024-04-25,North,Toys,Puzzle,5,23.07,115.35,23.62
2024-04-26,North,Toys,Action Figure,12,24.28,291.36,82.64
2024-04-26,South,Clothing,Jacket,13,17.33,225.29,24.27
2024-04-26,West,Electronics,Smartphone,1,212.74,212.74,47.58
2024-04-27,West,Electronics,Smartwatch,11,314.64,3461.04,602.0
2024-04-27,North,Furniture,Table,9,183.3,1649.7,291.34
2024-04-27,West,Furniture,Chair,13,512.4,6661.2,1870.25
2024-04-27,West,Groceries,Rice,10,14.91,149.1,15.43
2024-04-27,West,Groceries,Rice,8,37.65,301.2,96.85
2024-04-27,South,Toys,Puzzle,7,10.95,76.65,21.77
2024-04-27,North,Furniture,Sofa,13,200.16,2602.08,426.87
2024-04-27,North,Toys,Puzzle,3,27.83,83.49,27.38
2024-04-28,North,Furniture,Chair,4,402.59,1610.36,194.74
2024-04-28,East,Furniture,Table,13,439.66,5715.58,1133.91
2024-04-28,South,Furniture,Sofa,1,408.65,408.65,78.35
2024-04-29,West,Furniture,Bed,2,287.11,574.22,132.56
2024-04-29,West,Electronics,Smartphone,14,402.52,5635.28,1755.56
2024-04-29,East,Electronics,Smartphone,1,345.97,345.97,57.73
2024-04-29,West,Toys,Action Figure,3,25.12,75.36,23.71
2024-04-29,South,Electronics,Laptop,11,403.29,4436.19,807.56
2024-04-30,East,Furniture,Bed,1,239.14,239.14,34.5
2024-04-30,West,Clothing,Jeans,13,76.67,996.71,301.99
2024-04-30,West,Groceries,Oil,4,33.11,132.44,15.96
2024-04-30,East,Clothing,T-Shirt,6,71.11,426.66,93.38
2024-04-30,North,Furniture,Chair,6,431.86,2591.16,519.39
2024-04-30,South,Clothing,T-Shirt,5,52.3,261.5,72.53
2024-04-30,North,Toys,Puzzle,14,17.1,239.4,42.15
2024-04-30,West,Toys,Puzzle,4,58.07,232.28,62.67
2024-04-30,South,Electronics,Smartwatch,4,154.88,619.52,213.36
2024-05-01,West,Clothing,Jeans,14,25.51,357.14,51.03
2024-05-01,North,Clothing,Jacket,2,71.59,143.18,49.5
2024-05-01,South,Toys,Board Game,6,33.4,200.4,40.62
2024-05-01,East,Clothing,Jacket,6,67.42,404.52,66.41
2024-05-01,South,Toys,Action Figure,2,52.28,104.56,17.24
2024-05-01,West,Groceries,Snacks,3,19.65,58.95,19.38
2024-05-01,North,Toys,Action Figure,6,46.2,277.2,92.09
2024-05-02,West,Toys,Doll,1,41.07,41.07,11.49
2024-05-02,North,Groceries,Beverages,9,8.78,79.02,13.32
2024-05-02,East,Furniture,Bed,1,310.98,310.98,70.66
2024-05-03,South,Groceries,Beverages,2,32.23,64.46,14.23
2024-05-03,South,Toys,Doll,10,29.93,299.3,94.5
2024-05-03,South,Clothing,Jacket,13,34.19,444.47,135.44
2024-05-03,South,Furniture,Chair,4,205.41,821.64,96.17
2024-05-03,West,Furniture,Table,3,268.9,806.7,277.81
2024-05-03,West,Clothing,Jacket,14,33.11,463.54,80.85
2024-05-03,South,Groceries,Rice,1,34.55,34.55,5.9
2024-05-03,West,Groceries,Rice,9,11.65,104.85,12.53
2024-05-03,South,Electronics,Headphones,3,264.44,793.32,121.43
2024-05-04,West,Toys,Puzzle,1,59.04,59.04,14.85
2024-05-04,North,Clothing,Jeans,12,36.39,436.68,119.13
2024-05-04,West,Clothing,Jacket,10,41.3,413.0,109.79
2024-05-04,East,Electronics,Smartphone,5,230.67,1153.35,175.86
2024-05-04,South,Electronics,Smartwatch,12,486.33,5835.96,1613.58
2024-05-04,South,Toys,Action Figure,2,48.76,97.52,18.1
2024-05-05,West,Clothing,Jacket,3,20.22,60.66,15.55
2024-05-05,East,Furniture,Bed,2,429.13,858.26,218.68
2024-05-05,East,Groceries,Snacks,10,18.37,183.7,29.28
2024-05-05,East,Toys,Doll,10,47.97,479.7,133.44
2024-05-05,West,Electronics,Smartwatch,14,262.09,3669.26,549.79
2024-05-05,East,Clothing,Jacket,12,58.3,699.6,112.08
2024-05-05,East,Furniture,Chair,6,362.87,2177.22,679.8
2024-05-05,South,Clothing,T-Shirt,9,66.86,601.74,147.66
2024-05-05,East,Toys,Doll,10,36.73,367.3,54.68
2024-05-06,East,Clothing,Jeans,5,24.09,120.45,27.16
2024-05-06,East,Clothing,Shoes,8,71.66,573.28,89.86
2024-05-06,South,Furniture,Sofa,3,216.11,648.33,199.26
2024-05-06,East,Furniture,Bed,3,476.33,1428.99,265.02
2024-05-06,West,Clothing,Jacket,11,68.31,751.41,138.86
2024-05-06,South,Clothing,Shoes,4,69.15,276.6,74.25
2024-05-07,South,Toys,Puzzle,8,47.47,379.76,89.78
2024-05-07,North,Electronics,Laptop,10,318.4,3184.0,741.36
2024-05-07,North,Furniture,Table,10,546.94,5469.4,1514.04
2024-05-07,South,Electronics,Smartphone,8,356.3,2850.4,300.78
2024-05-08,North,Clothing,Shoes,13,68.74,893.62,223.46
2024-05-08,East,Electronics,Smartwatch,12,365.39,4384.68,1003.74
2024-05-08,West,Electronics,Laptop,13,453.83,5899.79,1170.57
2024-05-08,West,Electronics,Laptop,7,299.97,2099.79,396.91
2024-05-08,East,Toys,Board Game,5,36.77,183.85,47.59
2024-05-08,North,Toys,Doll,13,45.22,587.86,195.26
2024-05-08,South,Electronics,Laptop,13,245.93,3197.09,526.64
2024-05-08,South,Clothing,Jeans,9,17.1,153.9,17.6
2024-05-08,East,Groceries,Snacks,10,26.6,266.0,87.95
2024-05-09,West,Electronics,Headphones,10,316.27,3162.7,703.53
2024-05-09,West,Furniture,Table,8,502.84,4022.72,1181.09
2024-05-09,South,Groceries,Rice,10,20.32,203.2,37.95
2024-05-10,North,Electronics,Smartwatch,4,465.19,1860.76,406.93
2024-05-10,West,Furniture,Bed,12,404.23,4850.76,878.73
2024-05-10,North,Electronics,Smartphone,8,487.61,3900.88,808.6
2024-05-10,North,Furniture,Bed,8,139.4,1115.2,342.36
2024-05-10,East,Toys,Puzzle,10,12.64,126.4,39.0
2024-05-10,North,Clothing,Jeans,13,48.33,628.29,124.6
2024-05-10,West,Groceries,Rice,4,24.98,99.92,12.66
2024-05-10,North,Groceries,Rice,12,39.76,477.12,109.34
2024-05-10,South,Groceries,Rice,13,27.08,352.04,101.9
2024-05-11,South,Toys,Action Figure,1,37.37,37.37,5.27
2024-05-11,West,Electronics,Headphones,6,162.38,974.28,121.68
2024-05-11,South,Toys,Action Figure,11,10.53,115.83,22.99
2024-05-11,West,Toys,Board Game,10,30.32,303.2,97.01
2024-05-11,West,Clothing,T-Shirt,5,60.35,301.75,66.11
2024-05-11,East,Electronics,Laptop,7,392.18,2745.26,599.95
2024-05-11,West,Clothing,T-Shirt,11,76.09,836.99,176.36
2024-05-11,East,Toys,Doll,7,31.28,218.96,52.85
2024-05-12,East,Electronics,Headphones,10,65.49,654.9,153.63
2024-05-12,West,Furniture,Table,6,588.02,3528.12,745.56
2024-05-12,East,Toys,Doll,13,26.61,345.93,95.2
2024-05-12,West,Clothing,Shoes,8,79.83,638.64,127.59
2024-05-12,North,Toys,Board Game,6,45.88,275.28,94.74
2024-05-12,South,Electronics,Laptop,12,157.56,1890.72,445.54
2024-05-12,East,Clothing,Shoes,9,62.93,566.37,161.75
2024-05-13,South,Furniture,Sofa,12,425.15,5101.8,1726.89
2024-05-13,East,Electronics,Laptop,8,312.49,2499.92,512.07
2024-05-13,North,Groceries,Beverages,1,13.97,13.97,4.18
2024-05-13,East,Groceries,Rice,8,34.99,279.92,65.51
2024-05-14,South,Electronics,Smartphone,11,255.6,2811.6,339.66
2024-05-14,West,Furniture,Bed,9,95.82,862.38,274.67
2024-05-14,North,Electronics,Laptop,10,421.91,4219.1,728.72
2024-05-14,East,Toys,Puzzle,2,35.66,71.32,19.89
2024-05-14,East,Furniture,Chair,3,253.02,759.06,141.0
2024-05-14,East,Furniture,Bed,10,314.12,3141.2,590.46
2024-05-14,North,Toys,Action Figure,3,48.29,144.87,17.36
2024-05-15,South,Furniture,Table,5,566.63,2833.15,488.9
2024-05-15,South,Groceries,Snacks,2,36.27,72.54,15.9
2024-05-15,East,Furniture,Table,10,333.45,3334.5,381.16
2024-05-16,North,Clothing,Shoes,7,48.31,338.17,61.24
2024-05-16,East,Furniture,Sofa,9,108.58,977.22,117.89
2024-05-16,West,Electronics,Headphones,3,378.5,1135.5,360.43
2024-05-16,East,Clothing,Shoes,8,76.13,609.04,61.85
2024-05-16,South,Furniture,Chair,2,397.3,794.6,236.04
2024-05-16,South,Groceries,Rice,11,29.25,321.75,55.3
2024-05-16,West,Groceries,Beverages,11,8.39,92.29,10.56
2024-05-16,East,Furniture,Sofa,4,441.38,1765.52,613.64
2024-05-17,West,Toys,Action Figure,2,27.35,54.7,11.37
2024-05-17,East,Groceries,Oil,12,25.18,302.16,48.22
2024-05-17,West,Groceries,Oil,1,10.02,10.02,2.29
2024-05-17,West,Groceries,Snacks,14,27.9,390.6,83.01
2024-05-17,West,Toys,Action Figure,14,39.06,546.84,152.86
2024-05-17,East,Furniture,Sofa,8,260.99,2087.92,713.35
2024-05-18,West,Groceries,Rice,12,29.07,348.84,39.39
2024-05-18,South,Toys,Action Figure,4,57.43,229.72,63.81
2024-05-18,North,Furniture,Table,10,311.25,3112.5,1076.41
2024-05-19,West,Groceries,Rice,7,26.26,183.82,21.33
2024-05-19,West,Furniture,Table,6,437.34,2624.04,536.22
2024-05-19,East,Clothing,Jacket,3,57.4,172.2,26.69
2024-05-19,South,Furniture,Bed,13,204.15,2653.95,538.18
2024-05-19,North,Furniture,Bed,10,530.44,5304.4,1085.21
2024-05-19,West,Toys,Doll,4,35.3,141.2,41.57
2024-05-20,North,Groceries,Rice,14,29.05,406.7,112.0
2024-05-20,North,Clothing,Jacket,9,25.81,232.29,31.19
2024-05-20,South,Toys,Puzzle,3,59.37,178.11,27.84
2024-05-20,West,Groceries,Beverages,5,21.03,105.15,25.48
2024-05-20,North,Electronics,Laptop,3,263.5,790.5,203.89
2024-05-20,East,Clothing,Jeans,2,11.9,23.8,3.12
2024-05-21,West,Groceries,Beverages,9,24.39,219.51,30.93
2024-05-21,West,Toys,Action Figure,7,15.7,109.9,28.68
2024-05-21,East,Electronics,Smartwatch,13,274.8,3572.4,1092.93
2024-05-21,North,Groceries,Beverages,6,15.24,91.44,24.95
2024-05-21,North,Electronics,Smartphone,2,149.15,298.3,79.57
2024-05-21,East,Groceries,Snacks,11,9.52,104.72,18.74
2024-05-22,West,Clothing,Shoes,11,41.14,452.54,138.15
2024-05-22,East,Furniture,Chair,5,462.68,2313.4,600.97
2024-05-22,West,Furniture,Sofa,3,393.5,1180.5,412.64
2024-05-22,North,Groceries,Rice,11,39.11,430.21,131.41
2024-05-22,North,Electronics,Headphones,2,445.7,891.4,256.68
2024-05-22,North,Clothing,Jeans,4,35.36,141.44,16.09
2024-05-22,South,Toys,Action Figure,2,29.9,59.8,19.91
2024-05-23,East,Toys,Doll,6,47.48,284.88,78.31
2024-05-23,West,Clothing,Shoes,12,34.01,408.12,55.06
2024-05-23,South,Clothing,Shoes,13,42.15,547.95,88.31
2024-05-23,West,Electronics,Smartphone,11,111.75,1229.25,225.54
2024-05-23,West,Toys,Doll,8,52.19,417.52,87.48
2024-05-23,West,Electronics,Smartphone,9,287.17,2584.53,820.34
2024-05-23,South,Groceries,Rice,13,25.57,332.41,37.31
2024-05-23,North,Toys,Action Figure,6,59.74,358.44,122.46
2024-05-23,East,Groceries,Oil,13,25.33,329.29,49.88
2024-05-24,West,Electronics,Headphones,9,106.75,960.75,247.0
2024-05-24,West,Toys,Board Game,4,48.84,195.36,22.99
2024-05-24,West,Toys,Doll,2,24.31,48.62,12.65
2024-05-24,North,Groceries,Snacks,1,38.39,38.39,11.27
2024-05-24,West,Toys,Action Figure,8,17.21,137.68,39.89
2024-05-24,East,Toys,Puzzle,12,54.75,657.0,159.97
2024-05-25,South,Groceries,Rice,11,36.91,406.01,40.84
2024-05-25,South,Groceries,Rice,2,24.76,49.52,8.24
2024-05-25,South,Groceries,Oil,10,12.2,122.0,28.84
2024-05-25,West,Furniture,Table,5,177.92,889.6,109.65
2024-05-26,West,Furniture,Table,7,153.52,1074.64,280.33
2024-05-26,West,Toys,Action Figure,4,18.25,73.0,9.57
2024-05-26,South,Furniture,Sofa,2,406.94,813.88,89.32
2024-05-27,South,Clothing,Jacket,1,49.86,49.86,13.61
2024-05-27,West,Toys,Puzzle,14,54.35,760.9,128.41
2024-05-27,East,Electronics,Smartwatch,9,401.31,3611.79,756.46
2024-05-27,South,Clothing,Shoes,3,16.88,50.64,8.09
2024-05-27,West,Furniture,Bed,1,554.35,554.35,155.36
2024-05-27,West,Furniture,Bed,6,405.91,2435.46,744.64
2024-05-27,South,Electronics,Laptop,11,343.53,3778.83,1237.16
2024-05-28,South,Groceries,Rice,4,12.4,49.6,16.93
2024-05-28,East,Clothing,Jacket,5,63.9,319.5,36.88
2024-05-28,South,Furniture,Bed,1,504.3,504.3,61.57
2024-05-28,North,Toys,Puzzle,10,55.31,553.1,74.36
2024-05-28,East,Toys,Board Game,7,39.04,273.28,90.78
2024-05-28,North,Furniture,Table,2,397.79,795.58,151.32
2024-05-28,West,Electronics,Smartphone,2,336.79,673.58,147.27
2024-05-28,East,Electronics,Smartwatch,14,436.52,6111.28,1703.45
2024-05-28,East,Groceries,Rice,11,10.05,110.55,35.2
2024-05-29,West,Electronics,Smartphone,14,145.18,2032.52,690.93
2024-05-29,South,Toys,Board Game,4,44.49,177.96,59.86
2024-05-29,West,Clothing,Jeans,10,46.76,467.6,63.77
2024-05-29,South,Clothing,T-Shirt,5,26.31,131.55,20.94
2024-05-29,East,Toys,Board Game,12,11.46,137.52,32.36
2024-05-30,South,Groceries,Snacks,11,36.91,406.01,85.41
2024-05-30,East,Toys,Board Game,1,45.93,45.93,11.32
2024-05-30,North,Clothing,Shoes,8,15.72,125.76,27.14
2024-05-31,North,Groceries,Oil,7,36.45,255.15,84.83
2024-05-31,South,Clothing,Jeans,5,64.46,322.3,106.89
2024-05-31,East,Clothing,Shoes,3,18.77,56.31,10.68
2024-05-31,West,Clothing,Jacket,1,40.09,40.09,6.91
2024-06-01,West,Furniture,Bed,5,132.24,661.2,70.2
2024-06-01,North,Electronics,Smartwatch,8,225.23,1801.84,306.89
2024-06-01,East,Groceries,Beverages,12,17.81,213.72,37.37
2024-06-01,West,Groceries,Rice,8,33.89,271.12,80.66
2024-06-01,North,Furniture,Sofa,9,547.49,4927.41,657.84
2024-06-01,North,Toys,Doll,1,34.19,34.19,11.09
2024-06-02,South,Furniture,Table,11,491.48,5406.28,1628.8
2024-06-02,West,Groceries,Snacks,14,11.4,159.6,54.46
2024-06-02,East,Groceries,Oil,7,38.61,270.27,27.97
2024-06-02,West,Groceries,Rice,9,25.98,233.82,76.18
2024-06-02,North,Electronics,Smartwatch,4,274.54,1098.16,243.05
2024-06-02,North,Electronics,Smartphone,9,418.66,3767.94,455.72
2024-06-02,West,Furniture,Chair,3,211.66,634.98,193.32
2024-06-02,West,Clothing,Jeans,5,24.46,122.3,32.69
2024-06-02,East,Clothing,Jacket,2,30.78,61.56,17.92
2024-06-03,North,Groceries,Snacks,12,8.54,102.48,30.46
2024-06-03,North,Groceries,Oil,4,16.2,64.8,12.72
2024-06-03,North,Furniture,Sofa,4,163.65,654.6,189.65
2024-06-03,South,Furniture,Chair,14,326.76,4574.64,867.73
2024-06-03,North,Electronics,Smartphone,13,227.39,2956.07,921.4
2024-06-03,West,Electronics,Smartphone,7,299.38,2095.66,685.46
2024-06-03,South,Toys,Doll,8,57.46,459.68,81.03
2024-06-03,North,Electronics,Headphones,10,126.74,1267.4,218.74
2024-06-03,North,Furniture,Table,14,276.22,3867.08,622.08
2024-06-04,West,Electronics,Smartphone,4,378.95,1515.8,259.99
2024-06-04,West,Electronics,Laptop,7,303.68,2125.76,317.91
2024-06-04,North,Groceries,Snacks,6,20.01,120.06,20.04
2024-06-04,East,Clothing,Shoes,14,15.74,220.36,42.76
2024-06-04,South,Clothing,T-Shirt,4,28.88,115.52,19.21
2024-06-05,North,Toys,Action Figure,6,50.11,300.66,89.2
2024-06-05,West,Groceries,Oil,4,25.58,102.32,32.75
2024-06-05,South,Furniture,Bed,11,293.46,3228.06,837.2
2024-06-05,South,Electronics,Laptop,10,289.78,2897.8,837.85
2024-06-06,South,Electronics,Smartwatch,2,62.36,124.72,17.88
2024-06-06,East,Furniture,Sofa,7,466.54,3265.78,437.66
2024-06-06,South,Clothing,Jacket,6,74.62,447.72,51.68
2024-06-06,North,Clothing,Jacket,8,79.06,632.48,162.21
2024-06-06,North,Groceries,Oil,1,23.45,23.45,3.5
2024-06-06,South,Furniture,Sofa,2,137.27,274.54,44.0
2024-06-06,North,Clothing,Shoes,14,16.29,228.06,34.15
2024-06-06,West,Electronics,Smartphone,8,471.87,3774.96,575.03
2024-06-07,West,Toys,Puzzle,8,14.52,116.16,39.14
2024-06-07,North,Groceries,Snacks,12,32.61,391.32,106.88
2024-06-07,South,Furniture,Bed,4,159.77,639.08,123.56
2024-06-07,East,Toys,Action Figure,9,28.96,260.64,29.14
2024-06-07,West,Electronics,Laptop,5,104.62,523.1,171.49
2024-06-07,North,Electronics,Headphones,3,275.52,826.56,169.34
2024-06-08,South,Electronics,Laptop,7,349.62,2447.34,498.74
2024-06-08,West,Toys,Board Game,9,33.19,298.71,42.86
2024-06-08,West,Furniture,Bed,11,402.18,4423.98,1367.33
2024-06-08,North,Toys,Action Figure,1,33.1,33.1,10.78
2024-06-08,East,Electronics,Headphones,12,491.64,5899.68,1959.24
2024-06-08,North,Toys,Action Figure,2,41.1,82.2,20.69
2024-06-08,South,Toys,Board Game,6,45.68,274.08,41.63
2024-06-08,West,Toys,Puzzle,8,25.15,201.2,57.57
2024-06-08,East,Furniture,Table,2,538.25,1076.5,130.06
2024-06-09,North,Clothing,T-Shirt,14,59.22,829.08,200.14
2024-06-09,West,Electronics,Smartwatch,5,219.29,1096.45,253.35
2024-06-09,North,Groceries,Oil,4,16.98,67.92,12.13
2024-06-09,North,Electronics,Smartphone,5,63.18,315.9,38.02
2024-06-10,North,Clothing,Shoes,9,38.61,347.49,97.05
2024-06-10,East,Toys,Board Game,6,30.72,184.32,53.57
2024-06-10,South,Groceries,Oil,13,27.58,358.54,73.3
2024-06-10,East,Electronics,Laptop,7,173.15,1212.05,278.23
2024-06-11,East,Furniture,Sofa,7,576.61,4036.27,717.64
2024-06-11,North,Groceries,Rice,7,13.41,93.87,23.05
2024-06-11,West,Furniture,Sofa,11,556.29,6119.19,906.7
2024-06-11,North,Furniture,Table,14,510.36,7145.04,2303.98
2024-06-11,East,Clothing,Jacket,5,58.31,291.55,66.21
2024-06-12,North,Toys,Puzzle,13,46.36,602.68,155.76
2024-06-12,South,Toys,Puzzle,1,32.03,32.03,10.07
2024-06-12,North,Electronics,Smartphone,1,296.95,296.95,68.5
2024-06-12,North,Furniture,Sofa,8,104.85,838.8,263.5
2024-06-12,West,Clothing,Jeans,1,31.77,31.77,9.51
2024-06-12,North,Toys,Doll,6,31.8,190.8,26.56
2024-06-12,South,Groceries,Oil,2,22.25,44.5,7.26
2024-06-12,West,Groceries,Snacks,9,24.68,222.12,29.22
2024-06-13,North,Toys,Board Game,14,17.2,240.8,84.25
2024-06-13,North,Toys,Puzzle,6,59.84,359.04,74.53
2024-06-13,South,Clothing,T-Shirt,14,52.04,728.56,197.66
2024-06-13,West,Electronics,Smartwatch,1,169.35,169.35,19.28
2024-06-13,East,Groceries,Snacks,12,38.13,457.56,97.13
2024-06-13,North,Toys,Doll,6,15.85,95.1,22.07
2024-06-13,North,Groceries,Oil,5,17.59,87.95,11.27
2024-06-13,East,Toys,Board Game,2,13.29,26.58,7.35
2024-06-14,South,Furniture,Sofa,1,293.89,293.89,67.91
2024-06-14,West,Clothing,Jeans,13,15.6,202.8,61.23
2024-06-14,South,Electronics,Smartwatch,4,301.83,1207.32,384.56
2024-06-14,North,Clothing,Jacket,2,45.59,91.18,31.47
2024-06-14,North,Groceries,Rice,11,21.51,236.61,77.36
2024-06-14,West,Groceries,Rice,5,17.79,88.95,28.95
2024-06-14,South,Toys,Action Figure,8,34.98,279.84,32.28
2024-06-14,West,Furniture,Chair,2,583.01,1166.02,260.85
2024-06-14,South,Groceries,Rice,9,13.42,120.78,21.66
2024-06-15,North,Clothing,Shoes,4,28.11,112.44,11.29
2024-06-15,East,Furniture,Chair,4,175.58,702.32,97.42
2024-06-15,North,Toys,Action Figure,4,47.38,189.52,45.0
2024-06-15,West,Electronics,Laptop,1,85.33,85.33,14.31
2024-06-15,West,Clothing,Jeans,12,45.21,542.52,122.31
2024-06-15,East,Groceries,Snacks,6,6.72,40.32,8.61
2024-06-15,West,Groceries,Snacks,8,21.9,175.2,18.8
2024-06-16,West,Groceries,Oil,13,24.27,315.51,72.58
2024-06-16,North,Clothing,Jeans,2,19.03,38.06,12.08
2024-06-16,North,Clothing,T-Shirt,10,14.0,140.0,34.66
2024-06-16,South,Furniture,Bed,10,418.97,4189.7,1222.52
2024-06-16,East,Furniture,Chair,14,369.05,5166.7,1048.86
2024-06-16,East,Clothing,Shoes,4,75.09,300.36,75.82
2024-06-17,East,Furniture,Sofa,9,393.03,3537.27,433.75
2024-06-17,North,Electronics,Smartphone,11,234.77,2582.47,315.56
2024-06-17,East,Toys,Puzzle,2,36.06,72.12,9.91
2024-06-17,South,Groceries,Oil,14,25.03,350.42,100.43
2024-06-17,North,Clothing,Jacket,7,15.1,105.7,17.95
2024-06-17,West,Toys,Puzzle,8,52.94,423.52,109.46
2024-06-17,East,Groceries,Oil,8,14.14,113.12,11.81
2024-06-18,North,Furniture,Bed,5,434.5,2172.5,651.18
2024-06-18,South,Electronics,Smartwatch,10,148.0,1480.0,392.89
2024-06-18,North,Clothing,T-Shirt,8,36.77,294.16,46.12
2024-06-18,North,Electronics,Smartphone,6,256.71,1540.26,501.85
2024-06-18,South,Clothing,Shoes,4,40.71,162.84,22.55
2024-06-18,East,Electronics,Headphones,14,159.64,2234.96,640.17
2024-06-18,North,Electronics,Laptop,13,318.23,4136.99,1248.61
2024-06-19,South,Furniture,Table,12,163.71,1964.52,659.97
2024-06-19,North,Groceries,Rice,2,10.0,20.0,5.2
2024-06-19,North,Furniture,Chair,7,118.52,829.64,167.57
2024-06-19,South,Toys,Doll,9,58.14,523.26,75.29
2024-06-19,West,Furniture,Chair,6,225.84,1355.04,191.08
2024-06-19,West,Furniture,Table,2,200.79,401.58,73.11
2024-06-20,East,Clothing,Jeans,12,13.49,161.88,16.8
2024-06-20,East,Groceries,Beverages,2,19.91,39.82,6.71
2024-06-20,South,Electronics,Smartphone,4,443.64,1774.56,543.85
2024-06-20,East,Furniture,Bed,6,215.09,1290.54,451.11
2024-06-20,West,Electronics,Laptop,13,94.12,1223.56,264.4
2024-06-20,East,Furniture,Table,11,508.62,5594.82,810.77
2024-06-20,West,Clothing,Jeans,6,10.9,65.4,10.39
2024-06-21,North,Furniture,Sofa,10,350.57,3505.7,1197.0
2024-06-21,West,Toys,Doll,6,58.11,348.66,60.14
2024-06-21,East,Toys,Board Game,2,17.83,35.66,6.83
2024-06-21,West,Groceries,Oil,11,25.5,280.5,80.31
2024-06-21,North,Groceries,Oil,14,19.57,273.98,32.31
2024-06-21,North,Groceries,Rice,10,29.14,291.4,66.16
2024-06-21,West,Toys,Board Game,14,53.64,750.96,228.02
2024-06-21,South,Clothing,T-Shirt,10,31.24,312.4,106.06
2024-06-22,South,Clothing,Jacket,9,53.4,480.6,71.23
2024-06-22,North,Clothing,Shoes,6,28.59,171.54,37.12
2024-06-22,East,Clothing,Jeans,10,75.57,755.7,200.14
2024-06-22,South,Toys,Board Game,9,54.81,493.29,148.81
2024-06-22,East,Toys,Puzzle,10,52.94,529.4,136.17
2024-06-23,East,Toys,Action Figure,3,28.86,86.58,28.21
2024-06-23,South,Furniture,Sofa,12,231.77,2781.24,541.9
2024-06-23,South,Furniture,Chair,11,530.33,5833.63,1823.76
2024-06-23,North,Electronics,Smartphone,12,327.0,3924.0,1018.42
2024-06-23,South,Electronics,Smartwatch,6,344.33,2065.98,232.09
2024-06-24,North,Groceries,Oil,5,15.7,78.5,7.94
2024-06-24,South,Groceries,Oil,1,13.0,13.0,3.75
2024-06-24,East,Electronics,Laptop,11,251.05,2761.55,743.75
2024-06-24,South,Toys,Action Figure,14,42.11,589.54,102.9
2024-06-24,North,Toys,Board Game,14,15.62,218.68,26.0
2024-06-24,North,Groceries,Beverages,6,15.24,91.44,17.23
2024-06-25,North,Groceries,Snacks,3,37.72,113.16,19.89
2024-06-25,East,Clothing,Jeans,7,66.34,464.38,86.93
2024-06-25,West,Furniture,Sofa,3,426.86,1280.58,238.71
2024-06-26,South,Toys,Board Game,1,27.53,27.53,5.35
2024-06-26,South,Toys,Action Figure,3,10.77,32.31,4.58
2024-06-26,West,Groceries,Snacks,10,35.3,353.0,66.75
2024-06-26,South,Clothing,T-Shirt,4,61.8,247.2,49.55
2024-06-26,West,Toys,Puzzle,11,50.44,554.84,91.47
2024-06-26,South,Toys,Board Game,14,32.43,454.02,106.43
2024-06-26,South,Toys,Puzzle,4,56.64,226.56,27.09
2024-06-26,West,Clothing,Jacket,3,11.42,34.26,7.94
2024-06-26,North,Clothing,Jacket,3,29.1,87.3,20.86
2024-06-27,East,Clothing,T-Shirt,10,11.06,110.6,23.5
2024-06-27,East,Furniture,Chair,3,351.31,1053.93,110.52
2024-06-27,East,Clothing,Jeans,14,45.26,633.64,151.55
2024-06-27,North,Groceries,Snacks,1,19.24,19.24,2.08
2024-06-28,North,Electronics,Laptop,8,285.87,2286.96,660.93
2024-06-28,West,Furniture,Bed,1,514.5,514.5,81.89
2024-06-28,South,Furniture,Bed,1,598.01,598.01,106.56
2024-06-28,West,Groceries,Beverages,7,35.85,250.95,82.71
2024-06-28,North,Furniture,Table,2,241.74,483.48,49.65
2024-06-28,South,Furniture,Chair,13,357.7,4650.1,941.67
2024-06-28,North,Groceries,Rice,14,21.75,304.5,99.84
2024-06-29,East,Groceries,Rice,14,30.85,431.9,115.43
2024-06-29,North,Groceries,Oil,13,21.51,279.63,71.58
2024-06-29,West,Clothing,T-Shirt,8,45.4,363.2,58.04
2024-06-29,North,Groceries,Beverages,5,33.8,169.0,30.18
2024-06-29,North,Furniture,Table,5,339.77,1698.85,429.39
2024-06-29,West,Clothing,T-Shirt,5,42.08,210.4,67.69
2024-06-29,North,Groceries,Oil,3,8.53,25.59,5.48
2024-06-29,South,Furniture,Sofa,4,485.64,1942.56,305.03
2024-06-30,East,Groceries,Oil,3,22.57,67.71,15.0
2024-06-30,North,Electronics,Smartwatch,6,390.9,2345.4,507.49
2024-06-30,West,Clothing,T-Shirt,6,35.83,214.98,71.7
2024-06-30,East,Electronics,Smartwatch,14,270.81,3791.34,1234.59
2024-06-30,North,Groceries,Beverages,7,10.16,71.12,19.82
2024-06-30,South,Electronics,Laptop,4,55.1,220.4,75.38
2024-06-30,South,Clothing,Jacket,12,70.15,841.8,86.14
2024-06-30,North,Furniture,Chair,13,271.28,3526.64,966.19
2024-06-30,East,Furniture,Bed,14,550.9,7712.6,1796.91
2024-07-01,West,Groceries,Rice,5,35.2,176.0,55.15
2024-07-01,West,Clothing,Jacket,1,75.06,75.06,25.94
2024-07-01,West,Groceries,Oil,10,13.97,139.7,13.98
2024-07-01,West,Electronics,Headphones,8,385.19,3081.52,998.14
2024-07-01,West,Furniture,Sofa,10,303.69,3036.9,532.56
2024-07-02,South,Groceries,Rice,13,24.96,324.48,82.95
2024-07-02,South,Electronics,Laptop,9,276.83,2491.47,699.09
2024-07-02,East,Toys,Doll,6,17.93,107.58,23.87
2024-07-02,South,Toys,Puzzle,13,28.68,372.84,99.73
2024-07-02,West,Toys,Doll,12,11.56,138.72,47.4
2024-07-02,West,Toys,Action Figure,1,11.96,11.96,3.15
2024-07-03,West,Groceries,Rice,8,23.62,188.96,22.11
2024-07-03,West,Electronics,Smartphone,11,384.27,4226.97,1007.79
2024-07-03,North,Furniture,Table,11,201.71,2218.81,370.82
2024-07-04,South,Clothing,Jeans,9,76.08,684.72,156.21
2024-07-04,South,Electronics,Smartwatch,14,105.31,1474.34,385.45
2024-07-04,North,Furniture,Table,3,475.44,1426.32,479.88
2024-07-04,South,Toys,Board Game,6,29.5,177.0,26.31
2024-07-04,East,Electronics,Laptop,8,217.94,1743.52,468.22
2024-07-04,West,Toys,Doll,12,18.18,218.16,41.6
2024-07-04,East,Groceries,Beverages,13,20.08,261.04,62.72
2024-07-04,North,Toys,Doll,2,27.43,54.86,15.39
2024-07-04,North,Furniture,Table,13,464.24,6035.12,797.51
2024-07-05,South,Toys,Puzzle,6,33.45,200.7,45.38
2024-07-05,North,Toys,Puzzle,11,39.86,438.46,90.34
2024-07-05,East,Toys,Board Game,7,53.2,372.4,65.06
2024-07-05,West,Groceries,Beverages,1,11.87,11.87,2.42
2024-07-06,West,Toys,Doll,5,43.29,216.45,37.13
2024-07-06,North,Clothing,Jacket,3,40.22,120.66,38.03
2024-07-06,West,Clothing,Shoes,9,18.92,170.28,44.48
2024-07-06,North,Furniture,Sofa,6,167.47,1004.82,149.49
2024-07-06,South,Electronics,Smartwatch,10,246.72,2467.2,621.59
2024-07-07,East,Groceries,Rice,4,21.78,87.12,16.73
2024-07-07,East,Groceries,Snacks,1,27.78,27.78,8.46
2024-07-07,East,Furniture,Chair,6,443.39,2660.34,359.26
2024-07-08,South,Clothing,Jacket,13,34.01,442.13,88.83
2024-07-08,West,Groceries,Snacks,1,38.52,38.52,12.12
2024-07-08,West,Toys,Puzzle,13,13.63,177.19,55.39
2024-07-09,South,Furniture,Table,13,145.05,1885.65,451.06
2024-07-09,West,Furniture,Sofa,10,371.97,3719.7,580.62
2024-07-09,North,Toys,Action Figure,13,24.26,315.38,50.4
2024-07-09,North,Groceries,Beverages,10,30.24,302.4,100.63
2024-07-09,South,Toys,Puzzle,13,22.97,298.61,36.18
2024-07-09,South,Clothing,Jeans,3,20.4,61.2,9.11
2024-07-10,North,Clothing,T-Shirt,5,23.43,117.15,16.6
2024-07-10,West,Electronics,Headphones,6,256.54,1539.24,374.3
2024-07-10,South,Groceries,Snacks,8,27.07,216.56,49.15
2024-07-10,West,Toys,Doll,6,27.48,164.88,28.55
2024-07-11,North,Electronics,Smartphone,12,203.91,2446.92,826.69
2024-07-11,East,Furniture,Bed,8,167.67,1341.36,373.7
2024-07-11,South,Furniture,Sofa,11,80.67,887.37,207.32
2024-07-11,East,Clothing,Jacket,9,25.55,229.95,77.26
2024-07-11,North,Groceries,Rice,5,9.11,45.55,4.69
2024-07-11,West,Electronics,Smartphone,9,380.68,3426.12,1125.86
2024-07-11,South,Clothing,Jeans,13,23.15,300.95,53.66
2024-07-12,South,Groceries,Beverages,9,6.37,57.33,19.01
2024-07-12,North,Electronics,Smartwatch,11,247.12,2718.32,620.75
2024-07-12,South,Clothing,T-Shirt,2,20.19,40.38,4.45
2024-07-12,South,Groceries,Snacks,8,28.36,226.88,58.04
2024-07-12,East,Furniture,Bed,7,104.06,728.42,111.61
2024-07-12,East,Furniture,Sofa,6,246.19,1477.14,174.39
2024-07-12,South,Furniture,Sofa,5,500.13,2500.65,318.94
2024-07-12,West,Toys,Puzzle,13,24.95,324.35,58.11
2024-07-12,North,Toys,Board Game,6,27.12,162.72,47.59
2024-07-13,East,Groceries,Rice,14,22.94,321.16,55.53
2024-07-13,West,Electronics,Headphones,1,74.05,74.05,9.14
2024-07-13,East,Groceries,Snacks,7,26.73,187.11,53.25
2024-07-13,East,Groceries,Oil,3,9.44,28.32,9.19
2024-07-13,South,Toys,Action Figure,1,27.76,27.76,3.12
2024-07-13,North,Toys,Doll,4,14.6,58.4,10.61
2024-07-13,East,Clothing,T-Shirt,7,41.31,289.17,95.59
2024-07-14,West,Groceries,Snacks,13,37.58,488.54,159.15
2024-07-14,West,Furniture,Bed,8,320.6,2564.8,371.67
2024-07-14,North,Toys,Action Figure,11,55.73,613.03,93.28
2024-07-14,East,Clothing,Shoes,12,21.38,256.56,89.14
2024-07-14,East,Toys,Board Game,2,43.12,86.24,12.04
2024-07-14,South,Toys,Action Figure,9,43.48,391.32,133.18
2024-07-14,East,Electronics,Smartwatch,2,451.32,902.64,251.23
2024-07-15,South,Groceries,Oil,7,18.23,127.61,28.84
2024-07-15,East,Electronics,Smartphone,13,436.06,5668.78,1460.5
2024-07-15,East,Clothing,Jacket,14,46.28,647.92,66.9
2024-07-16,West,Groceries,Snacks,14,22.51,315.14,52.28
2024-07-16,East,Toys,Board Game,1,56.84,56.84,8.02
2024-07-16,West,Electronics,Smartwatch,12,133.96,1607.52,288.69
2024-07-16,North,Toys,Puzzle,5,11.05,55.25,8.61
2024-07-16,West,Clothing,T-Shirt,1,43.68,43.68,11.19
2024-07-16,West,Toys,Board Game,7,30.59,214.13,60.36
2024-07-16,West,Electronics,Smartphone,5,434.63,2173.15,437.46
2024-07-16,South,Clothing,Jacket,4,24.43,97.72,24.57
2024-07-16,West,Toys,Doll,14,46.5,651.0,86.54
2024-07-17,South,Groceries,Oil,13,22.29,289.77,50.94
2024-07-17,North,Furniture,Sofa,9,150.33,1352.97,273.26
2024-07-17,South,Groceries,Rice,8,6.94,55.52,14.26
2024-07-17,North,Furniture,Sofa,6,591.91,3551.46,887.6
2024-07-17,South,Clothing,Jeans,11,33.01,363.11,75.87
2024-07-17,West,Electronics,Smartphone,6,341.25,2047.5,659.2
2024-07-17,West,Furniture,Bed,13,244.63,3180.19,437.67
2024-07-17,West,Furniture,Bed,9,331.17,2980.53,1030.28
2024-07-17,North,Electronics,Smartphone,12,165.96,1991.52,599.02
2024-07-18,East,Electronics,Headphones,1,496.44,496.44,158.94
2024-07-18,South,Electronics,Laptop,6,379.6,2277.6,482.15
2024-07-18,South,Clothing,Jacket,13,38.77,504.01,60.43
2024-07-18,East,Clothing,T-Shirt,3,54.34,163.02,20.17
2024-07-18,West,Toys,Board Game,4,16.09,64.36,14.64
2024-07-18,South,Electronics,Laptop,13,499.2,6489.6,988.91
2024-07-19,East,Groceries,Beverages,1,39.72,39.72,7.41
2024-07-19,East,Furniture,Table,3,544.76,1634.28,436.9
2024-07-19,East,Furniture,Sofa,12,384.96,4619.52,1595.93
2024-07-20,South,Clothing,Shoes,12,29.24,350.88,121.29
2024-07-20,North,Clothing,Jeans,3,11.32,33.96,6.88
2024-07-20,South,Clothing,T-Shirt,9,59.64,536.76,83.16
2024-07-20,South,Electronics,Headphones,4,267.26,1069.04,143.51
2024-07-20,North,Furniture,Sofa,14,140.74,1970.36,300.24
2024-07-20,North,Toys,Puzzle,4,27.27,109.08,37.93
2024-07-20,North,Electronics,Laptop,8,305.81,2446.48,268.94
2024-07-21,North,Furniture,Bed,14,432.08,6049.12,1320.54
2024-07-21,West,Electronics,Headphones,6,255.35,1532.1,310.44
2024-07-21,West,Clothing,Jeans,4,24.95,99.8,11.46
2024-07-22,North,Groceries,Beverages,2,35.6,71.2,11.91
2024-07-22,North,Toys,Board Game,6,12.05,72.3,19.97
2024-07-22,South,Furniture,Chair,12,325.24,3902.88,818.67
2024-07-22,North,Groceries,Rice,3,29.26,87.78,16.16
2024-07-22,North,Furniture,Table,4,143.77,575.08,114.55
2024-07-22,South,Groceries,Oil,5,21.84,109.2,26.5
2024-07-23,East,Furniture,Sofa,11,513.3,5646.3,1425.03
2024-07-23,South,Electronics,Smartwatch,10,216.38,2163.8,273.46
2024-07-23,South,Furniture,Sofa,4,107.06,428.24,135.18
2024-07-23,South,Electronics,Laptop,4,313.64,1254.56,185.38
2024-07-24,North,Electronics,Smartwatch,1,161.4,161.4,52.88
2024-07-24,South,Electronics,Laptop,10,139.34,1393.4,245.66
2024-07-24,North,Groceries,Oil,11,16.59,182.49,55.97
2024-07-24,West,Groceries,Snacks,6,27.01,162.06,27.68
2024-07-24,West,Electronics,Laptop,14,107.12,1499.68,378.13
2024-07-24,South,Electronics,Headphones,5,263.88,1319.4,359.85
2024-07-24,East,Groceries,Beverages,11,29.62,325.82,110.04
2024-07-24,North,Electronics,Laptop,10,101.5,1015.0,272.07
2024-07-25,North,Clothing,Jeans,8,17.39,139.12,18.3
2024-07-25,East,Groceries,Beverages,14,9.43,132.02,25.62
2024-07-25,East,Electronics,Headphones,7,58.78,411.46,108.1
2024-07-25,East,Clothing,T-Shirt,10,30.89,308.9,87.3
2024-07-25,West,Furniture,Bed,5,80.94,404.7,74.91
2024-07-25,East,Furniture,Bed,12,350.48,4205.76,1338.89
2024-07-26,West,Clothing,T-Shirt,2,24.51,49.02,8.45
2024-07-26,South,Electronics,Smartphone,8,305.16,2441.28,492.07
2024-07-26,North,Furniture,Bed,10,238.82,2388.2,342.71
2024-07-27,West,Clothing,Shoes,13,36.56,475.28,82.59
2024-07-27,East,Toys,Puzzle,10,27.09,270.9,38.49
2024-07-27,South,Furniture,Bed,9,353.07,3177.63,676.73
2024-07-27,North,Furniture,Bed,9,211.69,1905.21,238.99
2024-07-27,North,Electronics,Headphones,6,118.7,712.2,130.5
2024-07-27,East,Electronics,Smartphone,5,211.96,1059.8,318.74
2024-07-27,East,Toys,Puzzle,14,22.59,316.26,109.19
2024-07-28,West,Clothing,Shoes,8,15.99,127.92,38.92
2024-07-28,East,Furniture,Table,10,441.94,4419.4,561.22
2024-07-28,North,Electronics,Smartphone,7,110.19,771.33,104.34
2024-07-29,West,Furniture,Table,1,455.92,455.92,136.42
2024-07-29,North,Furniture,Sofa,13,345.4,4490.2,1227.18
2024-07-29,South,Groceries,Snacks,12,34.27,411.24,112.91
2024-07-29,North,Toys,Action Figure,2,20.74,41.48,4.57
2024-07-29,West,Furniture,Table,12,492.69,5912.28,2048.49
2024-07-29,North,Furniture,Bed,10,235.31,2353.1,674.6
2024-07-29,West,Electronics,Smartwatch,12,76.65,919.8,255.63
2024-07-30,West,Groceries,Rice,3,24.55,73.65,10.63
2024-07-30,West,Electronics,Laptop,5,411.38,2056.9,455.79
2024-07-30,West,Furniture,Chair,2,144.96,289.92,29.89
2024-07-30,North,Electronics,Headphones,1,388.84,388.84,119.57
2024-07-30,South,Furniture,Sofa,11,513.36,5646.96,1824.18
2024-07-30,East,Electronics,Smartphone,13,73.26,952.38,203.18
2024-07-30,West,Groceries,Beverages,5,38.88,194.4,22.49
2024-07-31,East,Furniture,Chair,4,323.79,1295.16,219.32
2024-07-31,North,Clothing,T-Shirt,8,39.64,317.12,99.3
2024-07-31,East,Groceries,Snacks,14,29.61,414.54,140.55
2024-07-31,East,Electronics,Laptop,13,90.33,1174.29,290.56
2024-07-31,South,Furniture,Table,11,244.84,2693.24,839.14
2024-07-31,West,Electronics,Headphones,14,254.52,3563.28,694.8
2024-07-31,South,Clothing,T-Shirt,1,79.8,79.8,25.69
2024-08-01,West,Clothing,Shoes,9,50.03,450.27,59.7
2024-08-01,South,Groceries,Rice,4,5.06,20.24,5.63
2024-08-01,West,Electronics,Laptop,5,78.82,394.1,41.59
2024-08-01,West,Furniture,Table,11,107.58,1183.38,195.28
2024-08-01,West,Electronics,Laptop,12,360.1,4321.2,1159.72
2024-08-02,West,Toys,Doll,3,29.1,87.3,29.61
2024-08-02,South,Toys,Action Figure,8,41.94,335.52,113.52
2024-08-02,South,Electronics,Smartwatch,5,246.55,1232.75,210.16
2024-08-03,East,Toys,Doll,4,42.5,170.0,44.78
2024-08-03,West,Toys,Action Figure,13,46.03,598.39,174.4
2024-08-03,East,Furniture,Sofa,7,124.94,874.58,283.94
2024-08-03,East,Furniture,Table,5,597.03,2985.15,425.49
2024-08-03,South,Furniture,Sofa,9,562.03,5058.27,1379.46
2024-08-03,East,Toys,Action Figure,6,19.28,115.68,30.41
2024-08-04,South,Clothing,Jacket,10,20.4,204.0,38.58
2024-08-04,East,Clothing,Jeans,13,39.71,516.23,54.53
2024-08-04,East,Electronics,Headphones,9,288.45,2596.05,512.73
2024-08-04,West,Toys,Doll,11,54.38,598.18,130.22
2024-08-04,East,Furniture,Chair,12,526.85,6322.2,1162.22
2024-08-04,North,Electronics,Smartwatch,4,411.15,1644.6,311.43
2024-08-04,South,Electronics,Laptop,1,235.94,235.94,69.13
2024-08-04,South,Groceries,Oil,13,38.79,504.27,87.33
2024-08-04,East,Groceries,Oil,5,20.69,103.45,20.37
2024-08-05,North,Groceries,Oil,2,14.38,28.76,4.99
2024-08-05,North,Groceries,Beverages,12,35.98,431.76,93.94
2024-08-05,North,Toys,Action Figure,7,17.25,120.75,34.32
2024-08-05,West,Clothing,Jacket,8,61.82,494.56,113.81
2024-08-05,North,Furniture,Bed,3,508.1,1524.3,338.29
2024-08-05,West,Groceries,Rice,6,27.41,164.46,53.9
2024-08-06,North,Groceries,Oil,2,38.26,76.52,7.94
2024-08-06,West,Clothing,Jacket,5,69.12,345.6,106.63
2024-08-06,South,Clothing,Jacket,13,28.17,366.21,118.52
2024-08-07,West,Clothing,T-Shirt,13,66.63,866.19,217.47
2024-08-07,South,Clothing,T-Shirt,11,39.27,431.97,76.24
2024-08-07,West,Electronics,Smartwatch,7,314.86,2204.02,495.66
2024-08-07,East,Toys,Board Game,2,17.79,35.58,11.39
2024-08-07,South,Clothing,Jacket,3,10.57,31.71,3.27
2024-08-07,North,Groceries,Beverages,13,33.38,433.94,97.38
2024-08-07,South,Electronics,Smartphone,2,65.42,130.84,26.13
2024-08-07,East,Toys,Puzzle,7,26.85,187.95,46.31
2024-08-08,East,Furniture,Sofa,6,302.57,1815.42,301.27
2024-08-08,North,Groceries,Oil,11,18.17,199.87,40.76
2024-08-08,South,Toys,Puzzle,1,23.13,23.13,5.23
2024-08-08,South,Furniture,Bed,11,411.61,4527.71,1264.61
2024-08-08,North,Groceries,Oil,5,7.24,36.2,11.77
2024-08-08,South,Groceries,Snacks,4,12.7,50.8,14.28
2024-08-09,East,Groceries,Oil,1,14.94,14.94,2.44
2024-08-09,West,Toys,Puzzle,4,14.49,57.96,14.36
2024-08-09,North,Groceries,Beverages,12,13.16,157.92,40.17
2024-08-10,South,Toys,Action Figure,3,19.85,59.55,17.53
2024-08-10,North,Groceries,Beverages,12,13.07,156.84,34.97
2024-08-10,North,Furniture,Sofa,14,165.48,2316.72,690.36
2024-08-10,East,Electronics,Headphones,13,167.46,2176.98,237.86
2024-08-10,West,Furniture,Chair,7,224.86,1574.02,295.62
2024-08-10,East,Clothing,Jacket,14,31.62,442.68,99.14
2024-08-11,North,Electronics,Smartphone,5,101.11,505.55,95.6
2024-08-11,North,Electronics,Smartphone,4,231.6,926.4,269.49
2024-08-11,South,Furniture,Chair,8,471.46,3771.68,583.47
2024-08-11,South,Toys,Doll,9,52.29,470.61,87.8
2024-08-11,North,Clothing,T-Shirt,1,16.05,16.05,2.56
2024-08-12,West,Groceries,Rice,6,35.75,214.5,39.09
2024-08-12,North,Electronics,Laptop,6,428.87,2573.22,759.07
2024-08-12,South,Groceries,Rice,13,25.45,330.85,80.52
2024-08-12,South,Groceries,Beverages,2,7.89,15.78,3.6
2024-08-12,West,Furniture,Bed,14,324.55,4543.7,1237.96
2024-08-12,West,Groceries,Rice,12,19.7,236.4,50.48
2024-08-12,West,Electronics,Laptop,11,417.7,4594.7,939.62
2024-08-12,North,Toys,Puzzle,3,21.21,63.63,7.93
2024-08-13,North,Groceries,Rice,11,32.77,360.47,109.71
2024-08-13,East,Groceries,Rice,13,16.19,210.47,59.19
2024-08-13,East,Furniture,Bed,12,285.65,3427.8,1070.15
2024-08-13,West,Electronics,Smartwatch,12,54.37,652.44,219.12
2024-08-13,South,Toys,Action Figure,9,36.57,329.13,104.65
2024-08-13,South,Furniture,Sofa,13,460.79,5990.27,1905.6
2024-08-13,South,Groceries,Snacks,10,10.04,100.4,28.49
2024-08-13,North,Toys,Action Figure,12,17.88,214.56,53.34
2024-08-13,North,Electronics,Laptop,7,316.6,2216.2,624.47
2024-08-14,West,Toys,Puzzle,6,29.46,176.76,31.52
2024-08-14,East,Clothing,Jacket,4,70.45,281.8,83.24
2024-08-14,South,Furniture,Table,13,508.53,6610.89,1594.58
2024-08-14,South,Clothing,Jeans,5,11.86,59.3,17.57
2024-08-14,East,Clothing,T-Shirt,11,10.82,119.02,33.81
2024-08-14,South,Toys,Puzzle,6,29.7,178.2,29.64
2024-08-14,West,Toys,Puzzle,1,26.64,26.64,7.69
2024-08-14,East,Electronics,Headphones,9,398.14,3583.26,1106.98
2024-08-15,North,Clothing,Shoes,5,27.65,138.25,24.06
2024-08-15,East,Groceries,Oil,12,18.09,217.08,23.95
2024-08-15,South,Electronics,Headphones,12,376.21,4514.52,1104.06
2024-08-15,North,Clothing,Jacket,11,63.25,695.75,228.63
2024-08-16,West,Furniture,Sofa,11,232.12,2553.32,762.68
2024-08-16,East,Toys,Action Figure,12,38.22,458.64,59.0
2024-08-16,East,Groceries,Beverages,7,14.85,103.95,10.96
2024-08-16,South,Electronics,Headphones,10,373.8,3738.0,509.57
2024-08-16,South,Clothing,Shoes,8,39.74,317.92,72.92
2024-08-16,East,Groceries,Oil,12,33.67,404.04,72.22
2024-08-16,East,Furniture,Bed,7,449.79,3148.53,772.21
2024-08-16,West,Groceries,Snacks,5,30.79,153.95,26.02
2024-08-17,West,Toys,Puzzle,11,35.86,394.46,75.93
2024-08-17,South,Toys,Puzzle,7,45.27,316.89,90.78
2024-08-17,East,Clothing,Jeans,13,62.85,817.05,281.86
2024-08-17,East,Electronics,Laptop,3,325.47,976.41,222.92
2024-08-17,North,Toys,Puzzle,9,48.58,437.22,100.86
2024-08-17,West,Toys,Action Figure,3,49.98,149.94,31.22
2024-08-18,North,Toys,Board Game,13,12.09,157.17,40.23
2024-08-18,West,Clothing,Jacket,8,79.02,632.16,137.15
2024-08-18,West,Clothing,Jacket,1,77.26,77.26,21.04
2024-08-19,South,Furniture,Chair,4,433.21,1732.84,427.46
2024-08-19,West,Groceries,Rice,11,21.84,240.24,35.94
2024-08-19,South,Toys,Action Figure,5,35.41,177.05,20.49
2024-08-19,South,Furniture,Table,2,150.09,300.18,42.71
2024-08-19,South,Toys,Action Figure,11,37.85,416.35,52.9
2024-08-19,West,Groceries,Rice,14,38.6,540.4,77.3
2024-08-19,South,Furniture,Table,1,95.75,95.75,24.46
2024-08-19,North,Groceries,Snacks,4,32.93,131.72,27.31
2024-08-19,South,Electronics,Smartphone,9,101.28,911.52,91.16
2024-08-20,East,Furniture,Bed,1,565.61,565.61,174.95
2024-08-20,West,Electronics,Laptop,11,422.8,4650.8,1484.58
2024-08-20,East,Electronics,Headphones,4,319.68,1278.72,347.48
2024-08-20,East,Toys,Action Figure,3,10.19,30.57,7.88
2024-08-20,West,Furniture,Sofa,11,520.21,5722.31,705.32
2024-08-20,North,Toys,Board Game,3,35.07,105.21,24.22
2024-08-20,West,Clothing,Shoes,12,18.42,221.04,25.18
2024-08-21,East,Groceries,Beverages,8,22.37,178.96,49.01
2024-08-21,West,Toys,Puzzle,3,19.44,58.32,9.75
2024-08-21,South,Furniture,Table,14,209.24,2929.36,857.43
2024-08-21,South,Electronics,Headphones,3,390.83,1172.49,343.62
2024-08-21,South,Clothing,Jeans,11,54.33,597.63,101.62
2024-08-22,South,Groceries,Rice,14,31.54,441.56,133.63
2024-08-22,South,Furniture,Sofa,4,121.49,485.96,163.15
2024-08-22,North,Furniture,Bed,14,397.69,5567.66,1119.25
2024-08-22,West,Clothing,Jeans,4,77.83,311.32,83.16
2024-08-23,West,Electronics,Smartphone,13,58.03,754.39,124.22
2024-08-23,North,Clothing,Jeans,11,62.36,685.96,96.85
2024-08-23,South,Toys,Puzzle,11,55.21,607.31,152.16
2024-08-23,South,Electronics,Smartphone,11,412.26,4534.86,1456.46
2024-08-23,East,Clothing,Shoes,2,42.37,84.74,12.25
2024-08-23,North,Groceries,Rice,6,31.8,190.8,37.52
2024-08-23,South,Furniture,Bed,5,441.54,2207.7,603.74
2024-08-24,West,Clothing,Jeans,9,36.8,331.2,60.0
2024-08-24,West,Toys,Action Figure,6,20.08,120.48,14.4
2024-08-24,South,Toys,Board Game,10,19.43,194.3,24.94
2024-08-24,South,Groceries,Beverages,9,14.97,134.73,40.61
2024-08-24,North,Clothing,Shoes,10,64.65,646.5,76.86
2024-08-25,West,Clothing,T-Shirt,12,38.66,463.92,81.26
2024-08-25,North,Clothing,Shoes,7,53.02,371.14,98.8
2024-08-25,South,Toys,Puzzle,2,46.35,92.7,18.03
2024-08-25,South,Furniture,Chair,9,353.79,3184.11,461.98
2024-08-26,North,Electronics,Smartwatch,12,54.96,659.52,74.9
2024-08-26,South,Toys,Puzzle,7,15.52,108.64,23.57
2024-08-26,West,Toys,Doll,13,10.41,135.33,20.74
2024-08-26,East,Electronics,Smartwatch,2,312.35,624.7,194.31
2024-08-26,South,Furniture,Bed,10,264.21,2642.1,924.4
2024-08-27,East,Toys,Puzzle,6,18.56,111.36,14.04
2024-08-27,West,Clothing,Jacket,14,78.05,1092.7,146.07
2024-08-27,West,Clothing,T-Shirt,14,41.4,579.6,182.49
2024-08-27,East,Toys,Doll,12,13.79,165.48,43.93
2024-08-27,East,Clothing,T-Shirt,4,44.09,176.36,57.73
2024-08-27,North,Toys,Puzzle,13,18.44,239.72,42.9
2024-08-27,North,Furniture,Table,11,225.57,2481.27,317.75
2024-08-28,East,Furniture,Sofa,10,122.82,1228.2,255.65
2024-08-28,North,Clothing,Shoes,5,45.09,225.45,59.02
2024-08-28,East,Groceries,Beverages,5,7.59,37.95,4.7
2024-08-28,East,Toys,Board Game,6,14.43,86.58,21.84
2024-08-28,West,Clothing,Shoes,6,14.31,85.86,26.24
2024-08-28,West,Clothing,Jacket,13,42.86,557.18,100.62
2024-08-29,West,Groceries,Snacks,7,17.72,124.04,17.75
2024-08-29,East,Furniture,Table,9,268.83,2419.47,495.01
2024-08-29,North,Clothing,Shoes,3,56.95,170.85,26.07
2024-08-29,South,Electronics,Smartphone,7,206.59,1446.13,156.7
2024-08-29,West,Groceries,Rice,10,29.64,296.4,98.74
2024-08-29,South,Furniture,Chair,5,442.49,2212.45,681.87
2024-08-30,North,Clothing,Shoes,12,36.54,438.48,98.24
2024-08-30,West,Electronics,Laptop,11,190.12,2091.32,393.4
2024-08-30,East,Clothing,Jacket,10,62.0,620.0,146.88
2024-08-31,North,Toys,Puzzle,11,30.33,333.63,63.02
2024-08-31,West,Furniture,Sofa,8,457.97,3663.76,506.79
2024-08-31,North,Clothing,Shoes,14,34.02,476.28,139.61
2024-09-01,West,Electronics,Smartphone,6,69.76,418.56,63.35
2024-09-01,East,Clothing,T-Shirt,10,42.73,427.3,133.56
2024-09-01,South,Toys,Action Figure,5,32.11,160.55,18.92
2024-09-01,North,Groceries,Oil,9,16.56,149.04,16.68
2024-09-01,North,Clothing,T-Shirt,13,69.04,897.52,151.58
2024-09-01,East,Furniture,Sofa,5,91.25,456.25,102.78
2024-09-01,West,Furniture,Table,10,296.5,2965.0,1028.24
2024-09-02,North,Electronics,Laptop,5,289.38,1446.9,478.12
2024-09-02,East,Toys,Board Game,10,30.02,300.2,95.34
2024-09-02,East,Groceries,Oil,3,31.06,93.18,25.77
2024-09-02,South,Furniture,Bed,13,417.76,5430.88,1120.11
2024-09-02,North,Groceries,Oil,2,22.76,45.52,4.82
2024-09-02,West,Toys,Puzzle,9,30.63,275.67,45.24
2024-09-02,North,Toys,Board Game,1,52.33,52.33,10.82
2024-09-03,East,Electronics,Headphones,3,153.92,461.76,71.0
2024-09-03,East,Furniture,Bed,4,582.24,2328.96,736.57
2024-09-03,West,Clothing,Jacket,8,23.16,185.28,40.79
2024-09-03,West,Furniture,Chair,5,407.14,2035.7,271.08
2024-09-03,West,Electronics,Headphones,10,371.34,3713.4,561.17
2024-09-04,North,Furniture,Table,12,243.06,2916.72,604.17
2024-09-04,South,Groceries,Beverages,7,18.84,131.88,28.27
2024-09-04,East,Toys,Puzzle,9,42.12,379.08,126.14
2024-09-04,East,Clothing,Jacket,12,17.45,209.4,35.05
2024-09-04,North,Furniture,Sofa,10,568.42,5684.2,1599.78
2024-09-04,North,Toys,Action Figure,7,48.04,336.28,116.52
2024-09-04,West,Groceries,Snacks,3,14.5,43.5,10.15
2024-09-04,South,Toys,Board Game,2,28.26,56.52,11.2
2024-09-05,South,Clothing,Shoes,4,47.97,191.88,43.28
2024-09-05,South,Clothing,Jeans,1,63.41,63.41,17.63
2024-09-05,East,Clothing,Jeans,12,55.17,662.04,99.31
2024-09-05,South,Clothing,Jacket,4,31.37,125.48,31.17
2024-09-06,South,Electronics,Laptop,11,166.8,1834.8,586.13
2024-09-06,North,Furniture,Chair,7,263.56,1844.92,531.0
2024-09-06,North,Furniture,Sofa,14,538.73,7542.22,1504.69
2024-09-06,East,Furniture,Sofa,1,164.53,164.53,21.34
2024-09-07,West,Clothing,Jacket,13,27.15,352.95,122.79
2024-09-07,West,Clothing,Jeans,4,57.64,230.56,58.96
2024-09-07,North,Toys,Doll,9,38.7,348.3,109.98
2024-09-07,West,Toys,Puzzle,6,30.02,180.12,34.52
2024-09-07,East,Furniture,Table,9,414.75,3732.75,405.47
2024-09-07,West,Electronics,Smartwatch,13,128.56,1671.28,417.44
2024-09-07,East,Electronics,Laptop,13,273.34,3553.42,1085.81
2024-09-07,South,Furniture,Chair,6,430.16,2580.96,776.79
2024-09-08,East,Groceries,Snacks,7,39.67,277.69,82.89
2024-09-08,South,Toys,Board Game,13,11.16,145.08,28.04
2024-09-08,South,Groceries,Beverages,3,17.02,51.06,13.15
2024-09-08,East,Groceries,Oil,14,36.79,515.06,109.64
2024-09-08,West,Furniture,Table,2,551.99,1103.98,260.32
2024-09-08,West,Groceries,Snacks,1,23.62,23.62,8.26
2024-09-08,West,Groceries,Beverages,9,24.87,223.83,75.69
2024-09-08,South,Toys,Action Figure,7,47.46,332.22,111.18
2024-09-08,South,Electronics,Headphones,13,85.88,1116.44,149.27
2024-09-09,South,Toys,Doll,12,27.68,332.16,99.41
2024-09-09,West,Clothing,Jeans,8,61.93,495.44,122.38
2024-09-09,South,Furniture,Chair,1,268.46,268.46,67.1
2024-09-09,South,Furniture,Bed,2,587.56,1175.12,135.27
2024-09-10,South,Toys,Board Game,7,41.71,291.97,55.03
2024-09-10,West,Groceries,Snacks,4,38.36,153.44,33.73
2024-09-10,North,Furniture,Chair,14,332.24,4651.36,1436.13
2024-09-10,South,Electronics,Smartphone,14,453.88,6354.32,1164.29
2024-09-10,East,Furniture,Chair,5,244.88,1224.4,235.24
2024-09-10,West,Groceries,Snacks,4,30.52,122.08,27.57
2024-09-10,East,Groceries,Snacks,11,20.03,220.33,63.3
2024-09-11,East,Electronics,Smartwatch,8,316.22,2529.76,619.4
2024-09-11,North,Groceries,Oil,6,39.14,234.84,79.81
2024-09-11,South,Groceries,Snacks,3,24.69,74.07,10.01
2024-09-11,East,Toys,Doll,3,28.39,85.17,9.06
2024-09-11,West,Electronics,Smartwatch,3,493.34,1480.02,342.23
2024-09-11,East,Furniture,Table,2,555.67,1111.34,313.33
2024-09-11,South,Groceries,Beverages,7,10.18,71.26,20.53
2024-09-11,West,Electronics,Laptop,2,454.94,909.88,167.65
2024-09-11,South,Groceries,Oil,3,20.48,61.44,15.18
2024-09-12,East,Groceries,Snacks,12,6.12,73.44,15.0
2024-09-12,East,Toys,Doll,3,34.34,103.02,35.51
2024-09-12,East,Furniture,Sofa,4,205.43,821.72,281.87
2024-09-13,West,Furniture,Table,8,195.75,1566.0,357.01
2024-09-13,South,Electronics,Smartphone,3,334.99,1004.97,257.53
2024-09-13,South,Groceries,Rice,2,26.44,52.88,5.56
2024-09-13,South,Clothing,Shoes,1,55.05,55.05,17.03
2024-09-14,North,Electronics,Laptop,9,356.82,3211.38,352.81
2024-09-14,West,Toys,Puzzle,4,25.37,101.48,17.45
2024-09-14,North,Furniture,Chair,8,485.51,3884.08,892.64
2024-09-14,North,Groceries,Oil,9,11.21,100.89,22.45
2024-09-14,North,Furniture,Sofa,12,548.73,6584.76,1569.69
2024-09-14,South,Clothing,Jacket,7,38.81,271.67,54.65
2024-09-14,West,Clothing,Jeans,2,42.03,84.06,13.5
2024-09-14,South,Electronics,Laptop,3,79.18,237.54,64.1
2024-09-15,East,Groceries,Beverages,10,27.4,274.0,87.32
2024-09-15,West,Toys,Board Game,9,54.43,489.87,76.77
2024-09-15,West,Clothing,Jeans,11,79.01,869.11,216.83
2024-09-15,West,Toys,Doll,8,49.43,395.44,56.07
2024-09-15,East,Groceries,Beverages,8,34.79,278.32,89.82
2024-09-15,South,Electronics,Smartwatch,14,402.83,5639.62,1521.21
2024-09-15,East,Groceries,Beverages,3,35.38,106.14,28.45
2024-09-15,East,Clothing,Jacket,2,28.32,56.64,12.37
2024-09-15,North,Electronics,Smartphone,6,485.91,2915.46,557.55
2024-09-16,East,Groceries,Beverages,13,30.42,395.46,113.7
2024-09-16,North,Furniture,Bed,11,211.51,2326.61,467.0
2024-09-16,East,Electronics,Smartwatch,12,349.82,4197.84,704.25
2024-09-16,East,Toys,Action Figure,13,12.1,157.3,34.26
2024-09-17,North,Toys,Board Game,10,58.96,589.6,72.02
2024-09-17,South,Furniture,Bed,11,393.94,4333.34,1067.08
2024-09-17,West,Clothing,Jeans,10,74.79,747.9,154.79
2024-09-18,West,Furniture,Table,4,83.75,335.0,90.21
2024-09-18,East,Electronics,Smartwatch,2,419.41,838.82,238.75
2024-09-18,South,Toys,Board Game,11,46.21,508.31,166.22
2024-09-18,East,Toys,Board Game,12,55.64,667.68,98.95
2024-09-18,West,Clothing,T-Shirt,5,47.25,236.25,34.89
2024-09-18,South,Clothing,Jacket,6,27.77,166.62,19.15
2024-09-18,North,Furniture,Bed,1,450.27,450.27,55.05
2024-09-18,East,Toys,Doll,2,49.03,98.06,16.84
2024-09-18,South,Groceries,Rice,14,9.97,139.58,29.12
2024-09-19,South,Electronics,Laptop,10,53.61,536.1,156.16
2024-09-19,South,Electronics,Headphones,9,245.98,2213.82,572.15
2024-09-19,East,Clothing,Shoes,14,14.03,196.42,41.64
2024-09-19,North,Clothing,T-Shirt,12,52.11,625.32,141.2
2024-09-19,South,Electronics,Smartwatch,12,498.88,5986.56,1761.34
2024-09-19,South,Groceries,Beverages,1,20.2,20.2,6.19
2024-09-19,East,Furniture,Sofa,5,540.92,2704.6,707.52
2024-09-19,West,Electronics,Headphones,8,477.04,3816.32,979.06
2024-09-20,North,Clothing,T-Shirt,6,21.12,126.72,21.2
2024-09-20,East,Furniture,Chair,6,372.71,2236.26,264.11
2024-09-20,West,Clothing,Jeans,4,67.8,271.2,65.04
2024-09-21,East,Furniture,Chair,7,486.09,3402.63,615.54
2024-09-21,North,Clothing,Shoes,11,36.35,399.85,107.0
2024-09-21,West,Clothing,T-Shirt,13,35.42,460.46,85.69
2024-09-21,South,Furniture,Chair,10,218.66,2186.6,434.18
2024-09-21,South,Furniture,Bed,8,392.09,3136.72,1004.18
2024-09-22,East,Groceries,Oil,14,10.07,140.98,29.06
2024-09-22,North,Toys,Puzzle,5,28.44,142.2,29.29
2024-09-22,East,Furniture,Sofa,1,404.04,404.04,109.36
2024-09-22,South,Groceries,Rice,14,15.31,214.34,40.48
2024-09-23,South,Electronics,Smartphone,1,362.6,362.6,37.16
2024-09-23,West,Groceries,Rice,10,9.94,99.4,24.85
2024-09-23,South,Groceries,Rice,3,23.5,70.5,7.67
2024-09-23,West,Clothing,T-Shirt,1,14.62,14.62,4.09
2024-09-23,North,Toys,Doll,14,37.8,529.2,96.18
2024-09-24,South,Groceries,Rice,7,24.52,171.64,57.55
2024-09-24,South,Clothing,Shoes,6,16.27,97.62,20.63
2024-09-24,North,Toys,Board Game,11,57.66,634.26,72.01
2024-09-25,North,Electronics,Headphones,12,201.1,2413.2,739.22
2024-09-25,South,Toys,Puzzle,4,41.16,164.64,36.82
2024-09-25,South,Furniture,Table,3,379.37,1138.11,327.2
2024-09-25,East,Toys,Board Game,12,26.73,320.76,32.78
2024-09-25,West,Clothing,T-Shirt,10,46.48,464.8,92.01
2024-09-25,West,Groceries,Oil,6,34.59,207.54,67.76
2024-09-25,East,Electronics,Smartwatch,14,252.17,3530.38,687.41
2024-09-25,West,Toys,Board Game,8,13.75,110.0,35.63
2024-09-26,West,Clothing,Jeans,7,49.42,345.94,36.14
2024-09-26,East,Groceries,Beverages,6,8.19,49.14,7.47
2024-09-26,East,Toys,Action Figure,14,58.14,813.96,86.31
2024-09-26,North,Toys,Action Figure,14,27.41,383.74,75.75
2024-09-26,West,Groceries,Snacks,4,36.89,147.56,15.0
2024-09-26,East,Furniture,Chair,10,419.87,4198.7,971.16
2024-09-27,West,Clothing,T-Shirt,2,53.21,106.42,33.19
2024-09-27,East,Toys,Action Figure,9,38.59,347.31,112.38
2024-09-27,East,Electronics,Smartwatch,8,165.33,1322.64,283.97
2024-09-27,South,Toys,Doll,11,38.46,423.06,82.75
2024-09-27,South,Toys,Board Game,4,51.63,206.52,57.56
2024-09-27,East,Furniture,Sofa,1,152.38,152.38,24.58
2024-09-28,North,Electronics,Laptop,6,94.64,567.84,58.77
2024-09-28,North,Clothing,Jeans,7,59.37,415.59,43.1
2024-09-28,North,Clothing,T-Shirt,13,61.22,795.86,93.75
2024-09-29,West,Clothing,T-Shirt,8,60.78,486.24,155.93
2024-09-29,North,Toys,Doll,5,16.65,83.25,8.79
2024-09-29,West,Toys,Board Game,3,41.32,123.96,29.07
2024-09-29,North,Groceries,Oil,1,16.09,16.09,5.22
2024-09-30,North,Electronics,Smartphone,14,178.31,2496.34,393.85
2024-09-30,West,Electronics,Smartwatch,13,498.58,6481.54,1497.96
2024-09-30,North,Groceries,Beverages,1,34.83,34.83,6.65
2024-09-30,East,Electronics,Headphones,3,266.94,800.82,202.47
2024-09-30,North,Electronics,Headphones,1,153.04,153.04,48.5
2024-09-30,North,Clothing,T-Shirt,9,28.3,254.7,43.61
2024-09-30,North,Clothing,Shoes,1,22.79,22.79,2.55
2024-09-30,South,Clothing,Jeans,5,61.78,308.9,39.97
2024-10-01,South,Toys,Doll,10,10.11,101.1,32.57
2024-10-01,North,Toys,Board Game,6,34.69,208.14,37.06
2024-10-01,West,Furniture,Chair,13,124.22,1614.86,165.04
2024-10-01,South,Clothing,Shoes,5,45.64,228.2,61.14
2024-10-01,East,Clothing,Shoes,10,38.59,385.9,72.47
2024-10-01,East,Groceries,Snacks,6,25.83,154.98,21.93
2024-10-01,East,Furniture,Bed,6,265.32,1591.92,260.52
2024-10-01,East,Toys,Action Figure,7,31.49,220.43,49.27
2024-10-02,South,Furniture,Sofa,3,343.24,1029.72,341.03
2024-10-02,East,Furniture,Bed,9,111.13,1000.17,237.28
2024-10-02,West,Electronics,Laptop,14,69.69,975.66,195.54
2024-10-02,East,Toys,Puzzle,10,43.85,438.5,117.85
2024-10-03,South,Groceries,Rice,14,35.01,490.14,84.19
2024-10-03,East,Clothing,Jeans,5,19.41,97.05,17.94
2024-10-03,East,Electronics,Headphones,9,352.81,3175.29,830.15
2024-10-03,South,Electronics,Laptop,8,215.88,1727.04,565.7
2024-10-03,West,Groceries,Oil,5,19.18,95.9,20.04
2024-10-03,South,Groceries,Snacks,3,22.98,68.94,11.8
2024-10-03,South,Clothing,Jacket,2,27.98,55.96,12.33
2024-10-03,East,Electronics,Smartwatch,12,118.8,1425.6,325.89
2024-10-03,South,Electronics,Headphones,9,292.19,2629.71,688.71
2024-10-04,West,Clothing,Shoes,5,22.6,113.0,18.47
2024-10-04,North,Toys,Board Game,3,23.75,71.25,19.89
2024-10-04,North,Toys,Doll,14,15.34,214.76,71.04
2024-10-04,North,Electronics,Headphones,1,309.68,309.68,90.98
2024-10-04,East,Furniture,Bed,13,93.42,1214.46,310.39
2024-10-04,North,Clothing,T-Shirt,14,77.62,1086.68,204.2
2024-10-04,West,Electronics,Headphones,10,150.13,1501.3,180.47
2024-10-05,North,Groceries,Oil,3,29.58,88.74,15.86
2024-10-05,East,Toys,Action Figure,3,18.68,56.04,18.39
2024-10-05,South,Electronics,Smartwatch,6,345.87,2075.22,554.27
2024-10-05,West,Toys,Puzzle,10,38.47,384.7,105.08
2024-10-05,South,Furniture,Sofa,9,438.74,3948.66,523.91
2024-10-06,West,Clothing,Jeans,9,66.1,594.9,148.19
2024-10-06,East,Electronics,Smartwatch,7,211.75,1482.25,345.75
2024-10-06,North,Toys,Doll,12,17.03,204.36,64.87
2024-10-06,East,Electronics,Smartwatch,14,354.23,4959.22,810.42
2024-10-07,West,Clothing,Jeans,5,56.93,284.65,78.48
2024-10-07,West,Toys,Action Figure,4,17.47,69.88,15.18
2024-10-07,West,Furniture,Table,6,88.15,528.9,64.21
2024-10-07,South,Clothing,T-Shirt,13,52.6,683.8,166.58
2024-10-08,East,Furniture,Sofa,13,100.94,1312.22,264.52
2024-10-08,North,Electronics,Smartwatch,8,395.37,3162.96,787.17
2024-10-08,West,Groceries,Snacks,14,10.85,151.9,18.57
2024-10-08,South,Groceries,Snacks,6,27.79,166.74,29.21
2024-10-08,North,Groceries,Oil,2,36.91,73.82,12.92
2024-10-08,East,Toys,Doll,4,13.06,52.24,7.26
2024-10-09,South,Furniture,Chair,14,324.52,4543.28,573.86
2024-10-09,South,Clothing,Jacket,7,76.7,536.9,116.85
2024-10-09,South,Electronics,Laptop,3,481.09,1443.27,170.29
2024-10-09,North,Clothing,Jeans,8,35.35,282.8,65.92
2024-10-09,East,Electronics,Headphones,10,453.99,4539.9,934.57
2024-10-09,North,Groceries,Beverages,12,23.51,282.12,80.83
2024-10-09,West,Electronics,Headphones,12,216.98,2603.76,520.19
2024-10-09,South,Toys,Action Figure,10,57.45,574.5,192.48
2024-10-09,South,Toys,Board Game,4,49.31,197.24,25.72
2024-10-10,West,Toys,Action Figure,1,18.0,18.0,1.86
2024-10-10,North,Furniture,Chair,7,305.44,2138.08,545.95
2024-10-10,East,Clothing,T-Shirt,5,22.57,112.85,20.45
2024-10-10,East,Clothing,Jacket,12,44.9,538.8,62.62
2024-10-10,North,Furniture,Chair,10,440.6,4406.0,1051.4
2024-10-10,North,Furniture,Sofa,11,456.38,5020.18,1500.51
2024-10-11,East,Electronics,Laptop,10,352.09,3520.9,915.51
2024-10-11,East,Furniture,Table,10,403.73,4037.3,978.08
2024-10-11,West,Toys,Puzzle,5,29.48,147.4,37.09
2024-10-11,East,Furniture,Chair,6,213.14,1278.84,419.3
2024-10-11,South,Clothing,Shoes,6,59.73,358.38,58.12
2024-10-11,North,Electronics,Smartphone,1,73.62,73.62,9.24
2024-10-11,East,Groceries,Beverages,7,19.83,138.81,23.15
2024-10-11,West,Clothing,T-Shirt,10,56.03,560.3,120.66
2024-10-12,East,Groceries,Snacks,6,13.08,78.48,16.2
2024-10-12,East,Clothing,Jacket,11,32.22,354.42,88.22
2024-10-12,North,Groceries,Beverages,11,36.56,402.16,42.72
2024-10-12,North,Toys,Board Game,11,40.62,446.82,93.65
2024-10-12,South,Clothing,Jacket,4,57.19,228.76,31.45
2024-10-13,West,Clothing,T-Shirt,12,27.21,326.52,52.62
2024-10-13,West,Toys,Action Figure,7,10.41,72.87,23.31
2024-10-13,West,Clothing,Jeans,10,53.06,530.6,173.06
2024-10-13,West,Groceries,Snacks,2,6.48,12.96,1.72
2024-10-14,West,Toys,Action Figure,6,15.8,94.8,10.03
2024-10-14,South,Clothing,Jeans,4,76.15,304.6,86.56
2024-10-14,South,Groceries,Oil,5,38.07,190.35,40.69
2024-10-15,West,Clothing,Jeans,11,52.2,574.2,193.1
2024-10-15,East,Electronics,Laptop,2,336.03,672.06,111.21
2024-10-15,South,Groceries,Oil,13,22.6,293.8,72.74
2024-10-15,North,Groceries,Beverages,11,10.95,120.45,22.98
2024-10-15,West,Groceries,Beverages,1,34.49,34.49,5.05
2024-10-15,East,Clothing,Jeans,4,51.83,207.32,68.52
2024-10-15,North,Clothing,Jeans,8,63.84,510.72,82.24
2024-10-16,North,Toys,Board Game,6,56.65,339.9,54.54
2024-10-16,South,Toys,Action Figure,10,54.15,541.5,150.0
2024-10-16,South,Electronics,Headphones,2,139.71,279.42,47.66
2024-10-16,North,Furniture,Table,8,590.04,4720.32,1196.48
2024-10-16,West,Groceries,Oil,10,32.58,325.8,88.62
2024-10-16,West,Furniture,Bed,4,300.78,1203.12,136.36
2024-10-16,South,Clothing,Jeans,5,44.21,221.05,65.84
2024-10-16,South,Electronics,Smartwatch,6,82.74,496.44,96.27
2024-10-16,North,Groceries,Beverages,10,31.69,316.9,86.73
2024-10-17,South,Clothing,Jeans,7,51.26,358.82,65.48
2024-10-17,North,Clothing,Shoes,9,42.51,382.59,127.25
2024-10-17,West,Groceries,Beverages,4,9.1,36.4,9.4
2024-10-17,South,Furniture,Bed,8,89.21,713.68,102.46
2024-10-17,North,Toys,Doll,7,31.18,218.26,38.59
2024-10-17,East,Furniture,Chair,2,246.01,492.02,83.56
2024-10-17,North,Furniture,Bed,1,521.26,521.26,160.28
2024-10-18,North,Clothing,Shoes,13,47.82,621.66,183.94
2024-10-18,North,Toys,Doll,13,38.84,504.92,71.39
2024-10-18,North,Clothing,Jacket,3,27.48,82.44,22.45
2024-10-18,West,Furniture,Sofa,9,364.45,3280.05,654.86
2024-10-18,East,Furniture,Table,14,248.43,3478.02,1112.69
2024-10-18,West,Groceries,Rice,6,10.61,63.66,7.04
2024-10-19,South,Furniture,Bed,2,406.4,812.8,109.94
2024-10-19,North,Toys,Puzzle,7,50.2,351.4,97.74
2024-10-19,South,Toys,Action Figure,2,44.5,89.0,30.51
2024-10-19,West,Furniture,Sofa,4,196.67,786.68,205.59
2024-10-20,West,Electronics,Smartphone,4,384.62,1538.48,331.64
2024-10-20,West,Toys,Action Figure,4,57.66,230.64,33.46
2024-10-20,West,Electronics,Headphones,7,428.89,3002.23,553.65
2024-10-20,East,Clothing,T-Shirt,4,69.4,277.6,57.74
2024-10-20,North,Electronics,Smartwatch,4,99.93,399.72,120.75
2024-10-20,East,Electronics,Smartwatch,7,375.89,2631.23,886.68
2024-10-20,South,Furniture,Bed,14,210.38,2945.32,821.09
2024-10-20,North,Clothing,Jacket,3,27.1,81.3,18.87
2024-10-20,South,Clothing,Jeans,5,33.53,167.65,38.35
2024-10-21,South,Electronics,Smartwatch,14,146.78,2054.92,619.37
2024-10-21,East,Groceries,Beverages,13,37.82,491.66,152.22
2024-10-21,East,Clothing,T-Shirt,12,24.46,293.52,52.93
2024-10-22,South,Clothing,T-Shirt,2,30.53,61.06,15.29
2024-10-22,East,Electronics,Smartwatch,14,82.12,1149.68,381.97
2024-10-22,West,Furniture,Chair,10,91.7,917.0,250.89
2024-10-22,West,Clothing,Jeans,12,38.05,456.6,128.68
2024-10-22,West,Furniture,Bed,8,432.75,3462.0,564.43
2024-10-22,West,Electronics,Laptop,3,311.19,933.57,315.15
2024-10-22,South,Toys,Board Game,10,54.59,545.9,179.3
2024-10-22,South,Electronics,Smartphone,14,401.79,5625.06,592.27
2024-10-23,South,Electronics,Headphones,13,115.01,1495.13,265.22
2024-10-23,North,Clothing,T-Shirt,1,35.5,35.5,10.19
2024-10-23,East,Groceries,Rice,5,7.06,35.3,9.3
2024-10-24,North,Electronics,Smartwatch,5,306.83,1534.15,331.48
2024-10-24,South,Clothing,Jacket,4,77.91,311.64,74.56
2024-10-24,South,Furniture,Sofa,7,598.3,4188.1,1045.99
2024-10-25,North,Electronics,Headphones,3,102.86,308.58,36.72
2024-10-25,East,Groceries,Beverages,2,10.75,21.5,2.47
2024-10-25,North,Furniture,Chair,4,467.47,1869.88,235.55
2024-10-25,East,Furniture,Table,2,550.17,1100.34,185.53
2024-10-25,North,Groceries,Snacks,4,15.24,60.96,10.78
2024-10-25,West,Toys,Action Figure,3,13.03,39.09,12.58
2024-10-26,South,Toys,Puzzle,4,56.79,227.16,71.99
2024-10-26,North,Toys,Puzzle,6,15.59,93.54,22.57
2024-10-26,West,Toys,Board Game,3,54.65,163.95,55.57
2024-10-27,West,Toys,Board Game,5,53.45,267.25,39.77
2024-10-27,East,Toys,Board Game,4,38.08,152.32,42.45
2024-10-27,South,Toys,Doll,12,42.99,515.88,81.05
2024-10-27,West,Furniture,Table,9,175.1,1575.9,501.15
2024-10-27,South,Groceries,Oil,11,18.83,207.13,40.05
2024-10-28,North,Electronics,Laptop,4,310.08,1240.32,423.86
2024-10-28,West,Electronics,Smartphone,7,473.39,3313.73,803.33
2024-10-28,West,Furniture,Chair,5,303.7,1518.5,497.13
2024-10-28,East,Groceries,Oil,7,16.89,118.23,13.07
2024-10-28,North,Clothing,Jacket,10,42.33,423.3,134.47
2024-10-28,East,Electronics,Headphones,5,400.28,2001.4,643.82
2024-10-28,East,Toys,Board Game,9,25.71,231.39,79.46
2024-10-29,North,Electronics,Headphones,13,390.95,5082.35,1514.82
2024-10-29,East,Furniture,Chair,8,329.33,2634.64,914.67
2024-10-29,South,Clothing,Jacket,11,11.46,126.06,25.15
2024-10-29,East,Furniture,Bed,5,160.37,801.85,135.31
2024-10-29,North,Clothing,Shoes,2,44.34,88.68,24.79
2024-10-29,South,Furniture,Sofa,7,415.15,2906.05,544.91
2024-10-29,West,Furniture,Chair,3,233.82,701.46,227.22
2024-10-29,East,Toys,Board Game,12,14.8,177.6,35.61
2024-10-29,North,Clothing,Jacket,3,64.6,193.8,64.27
2024-10-30,East,Electronics,Smartphone,11,141.42,1555.62,543.61
2024-10-30,East,Electronics,Headphones,12,159.3,1911.6,240.1
2024-10-30,West,Toys,Action Figure,13,21.94,285.22,77.71
2024-10-30,West,Clothing,T-Shirt,1,58.03,58.03,13.32
2024-10-30,East,Groceries,Rice,13,8.18,106.34,33.48
2024-10-30,East,Furniture,Chair,4,250.2,1000.8,139.2
2024-10-30,West,Clothing,Jacket,13,18.23,236.99,28.91
2024-10-31,West,Groceries,Oil,2,9.8,19.6,5.85
2024-10-31,East,Clothing,T-Shirt,12,17.0,204.0,36.76
2024-10-31,East,Electronics,Smartphone,9,330.17,2971.53,644.73
2024-10-31,North,Furniture,Chair,9,377.89,3401.01,704.94
2024-10-31,West,Toys,Action Figure,7,15.02,105.14,14.6
2024-10-31,South,Groceries,Beverages,2,5.16,10.32,3.45
2024-10-31,East,Groceries,Oil,9,28.8,259.2,32.82
2024-11-01,North,Toys,Action Figure,10,26.46,264.6,85.06
2024-11-01,South,Electronics,Smartwatch,2,443.38,886.76,291.65
2024-11-01,West,Toys,Puzzle,6,31.97,191.82,22.08
2024-11-02,North,Groceries,Rice,2,15.82,31.64,9.15
2024-11-02,North,Groceries,Beverages,5,13.34,66.7,10.12
2024-11-02,North,Electronics,Headphones,2,339.16,678.32,191.74
2024-11-02,North,Toys,Board Game,1,26.49,26.49,6.96
2024-11-02,South,Groceries,Oil,10,19.13,191.3,19.96
2024-11-02,South,Groceries,Snacks,6,25.25,151.5,31.37
2024-11-03,East,Furniture,Chair,3,321.17,963.51,132.26
2024-11-03,East,Clothing,Jeans,3,74.43,223.29,59.79
2024-11-03,East,Electronics,Laptop,6,311.41,1868.46,321.8
2024-11-03,North,Clothing,Jacket,3,40.84,122.52,35.91
2024-11-03,East,Groceries,Oil,10,11.53,115.3,32.94
2024-11-03,East,Toys,Action Figure,5,44.35,221.75,38.21
2024-11-04,South,Electronics,Headphones,1,246.93,246.93,68.34
2024-11-04,East,Toys,Doll,6,49.45,296.7,86.04
2024-11-04,North,Clothing,T-Shirt,6,67.64,405.84,63.56
2024-11-04,West,Electronics,Laptop,11,495.08,5445.88,917.87
2024-11-04,West,Electronics,Laptop,8,445.44,3563.52,904.7
2024-11-04,West,Furniture,Table,9,171.09,1539.81,403.62
2024-11-04,West,Toys,Board Game,10,31.17,311.7,103.12
2024-11-04,East,Groceries,Oil,7,16.34,114.38,35.42
2024-11-05,North,Furniture,Table,6,497.61,2985.66,579.89
2024-11-05,North,Furniture,Chair,6,269.83,1618.98,177.78
2024-11-05,West,Groceries,Beverages,9,6.33,56.97,7.2
2024-11-05,West,Clothing,Jeans,4,46.3,185.2,61.29
2024-11-06,South,Toys,Board Game,1,22.83,22.83,2.59
2024-11-06,East,Furniture,Table,13,164.04,2132.52,575.52
2024-11-06,East,Groceries,Beverages,8,28.05,224.4,70.79
2024-11-06,West,Electronics,Laptop,9,311.6,2804.4,975.65
2024-11-06,West,Electronics,Headphones,3,437.87,1313.61,311.95
2024-11-06,West,Furniture,Table,6,332.33,1993.98,441.42
2024-11-06,East,Groceries,Oil,8,34.76,278.08,40.03
2024-11-06,North,Furniture,Chair,5,481.34,2406.7,441.46
2024-11-06,East,Toys,Puzzle,8,16.67,133.36,42.67
2024-11-07,East,Toys,Doll,1,48.93,48.93,14.39
2024-11-07,West,Toys,Doll,13,57.84,751.92,131.49
2024-11-07,South,Toys,Action Figure,9,48.84,439.56,84.77
2024-11-07,South,Furniture,Bed,1,376.31,376.31,116.45
2024-11-07,North,Groceries,Oil,4,35.97,143.88,48.38
2024-11-07,West,Furniture,Sofa,3,592.59,1777.77,443.5
2024-11-07,South,Clothing,T-Shirt,6,15.7,94.2,32.7
2024-11-07,West,Electronics,Smartwatch,10,144.42,1444.2,488.99
2024-11-08,East,Toys,Puzzle,8,59.46,475.68,153.26
2024-11-08,West,Clothing,Jacket,9,56.86,511.74,160.84
2024-11-08,West,Electronics,Laptop,14,357.89,5010.46,1716.15
2024-11-08,West,Groceries,Beverages,9,5.29,47.61,8.01
2024-11-08,North,Electronics,Smartphone,3,100.67,302.01,96.82
2024-11-08,South,Toys,Puzzle,12,44.64,535.68,80.35
2024-11-08,South,Clothing,Shoes,13,32.65,424.45,128.61
2024-11-09,East,Furniture,Bed,12,552.4,6628.8,1569.47
2024-11-09,South,Clothing,Jacket,2,24.81,49.62,10.72
2024-11-09,East,Toys,Board Game,14,34.87,488.18,66.89
2024-11-09,West,Groceries,Rice,1,34.43,34.43,6.63
2024-11-09,North,Toys,Doll,1,44.66,44.66,11.44
2024-11-10,South,Groceries,Rice,7,14.09,98.63,10.25
2024-11-10,East,Toys,Puzzle,1,57.04,57.04,15.16
2024-11-10,North,Toys,Board Game,12,10.19,122.28,20.19
2024-11-10,North,Groceries,Rice,13,15.63,203.19,29.81
2024-11-10,South,Furniture,Bed,10,420.56,4205.6,645.52
2024-11-10,East,Furniture,Bed,12,378.03,4536.36,869.47
2024-11-10,West,Furniture,Table,9,217.85,1960.65,412.88
2024-11-10,South,Furniture,Table,12,592.71,7112.52,2287.62
2024-11-10,South,Toys,Doll,10,58.97,589.7,103.77
2024-11-11,East,Furniture,Table,2,400.47,800.94,195.56
2024-11-11,East,Clothing,Jeans,12,39.38,472.56,114.3
2024-11-11,North,Electronics,Laptop,2,185.24,370.48,63.8
2024-11-11,South,Furniture,Bed,11,233.89,2572.79,397.28
2024-11-11,South,Electronics,Smartphone,3,197.02,591.06,186.06
2024-11-11,West,Furniture,Bed,9,274.65,2471.85,301.76
2024-11-11,South,Furniture,Bed,2,318.07,636.14,154.32
2024-11-12,West,Furniture,Sofa,3,348.44,1045.32,129.09
2024-11-12,South,Clothing,Shoes,8,79.45,635.6,197.05
2024-11-12,North,Toys,Doll,11,56.85,625.35,97.69
2024-11-12,South,Toys,Board Game,11,59.48,654.28,91.22
2024-11-13,West,Toys,Board Game,7,41.67,291.69,94.11
2024-11-13,North,Electronics,Smartwatch,13,428.99,5576.87,575.33
2024-11-13,East,Electronics,Smartwatch,14,195.92,2742.88,661.87
2024-11-13,North,Clothing,Jacket,14,50.61,708.54,86.66
2024-11-13,West,Toys,Puzzle,7,30.76,215.32,64.56
2024-11-13,North,Clothing,Shoes,5,55.01,275.05,47.41
2024-11-13,North,Toys,Board Game,13,49.25,640.25,111.06
2024-11-14,North,Groceries,Rice,2,28.54,57.08,18.55
2024-11-14,West,Furniture,Bed,6,583.01,3498.06,445.76
2024-11-14,East,Furniture,Sofa,3,131.31,393.93,48.82
2024-11-14,East,Groceries,Oil,3,31.48,94.44,15.67
2024-11-14,North,Toys,Board Game,8,34.48,275.84,54.54
2024-11-15,East,Electronics,Smartwatch,10,331.5,3315.0,995.87
2024-11-15,South,Toys,Puzzle,1,51.03,51.03,10.86
2024-11-15,East,Toys,Puzzle,1,18.71,18.71,2.34
2024-11-15,East,Furniture,Chair,6,122.49,734.94,102.1
2024-11-15,South,Toys,Puzzle,9,30.98,278.82,34.61
2024-11-15,East,Groceries,Oil,9,7.76,69.84,16.81
2024-11-15,East,Groceries,Snacks,4,12.54,50.16,10.18
2024-11-15,North,Electronics,Smartphone,9,305.53,2749.77,440.62
2024-11-15,South,Furniture,Sofa,5,556.86,2784.3,403.62
2024-11-16,South,Groceries,Oil,1,34.57,34.57,5.59
2024-11-16,West,Clothing,T-Shirt,2,52.23,104.46,19.5
2024-11-16,East,Electronics,Smartphone,13,438.03,5694.39,1364.62
2024-11-16,South,Furniture,Bed,9,233.06,2097.54,600.67
2024-11-16,West,Clothing,Shoes,10,18.96,189.6,36.68
2024-11-16,South,Clothing,Jacket,6,22.1,132.6,37.59
2024-11-16,North,Groceries,Rice,6,9.14,54.84,10.83
2024-11-17,North,Clothing,Shoes,3,17.61,52.83,15.74
2024-11-17,West,Furniture,Sofa,11,250.7,2757.7,391.33
2024-11-17,West,Toys,Action Figure,10,12.82,128.2,29.65
2024-11-17,West,Furniture,Bed,10,90.79,907.9,205.95
2024-11-17,East,Clothing,Shoes,5,68.0,340.0,61.81
2024-11-17,North,Groceries,Beverages,7,21.38,149.66,49.51
2024-11-18,West,Groceries,Rice,11,22.08,242.88,39.38
2024-11-18,North,Toys,Board Game,8,50.59,404.72,124.39
2024-11-18,West,Toys,Board Game,3,53.73,161.19,24.72
2024-11-18,East,Groceries,Snacks,8,15.45,123.6,20.91
2024-11-18,North,Groceries,Beverages,3,15.47,46.41,11.73
2024-11-19,West,Clothing,Jeans,6,42.75,256.5,74.53
2024-11-19,East,Clothing,Jacket,5,18.45,92.25,18.21
2024-11-19,North,Electronics,Laptop,1,66.31,66.31,9.52
2024-11-19,North,Furniture,Chair,5,470.0,2350.0,459.25
2024-11-19,North,Furniture,Sofa,4,442.06,1768.24,538.02
2024-11-19,South,Groceries,Snacks,7,8.81,61.67,15.59
2024-11-19,South,Electronics,Laptop,7,184.0,1288.0,438.38
2024-11-20,North,Electronics,Smartphone,6,280.71,1684.26,561.39
2024-11-20,North,Electronics,Laptop,12,193.18,2318.16,780.51
2024-11-20,South,Furniture,Table,3,421.44,1264.32,253.05
2024-11-21,North,Clothing,Jacket,13,69.78,907.14,192.71
2024-11-21,East,Furniture,Chair,1,359.55,359.55,108.08
2024-11-21,West,Groceries,Beverages,7,16.7,116.9,29.94
2024-11-21,East,Groceries,Oil,11,37.61,413.71,55.82
2024-11-21,North,Groceries,Rice,8,11.25,90.0,25.04
2024-11-22,West,Furniture,Sofa,9,306.21,2755.89,734.66
2024-11-22,North,Groceries,Snacks,2,33.13,66.26,8.51
2024-11-22,South,Furniture,Chair,10,153.23,1532.3,368.39
2024-11-23,West,Clothing,Shoes,7,44.09,308.63,61.36
2024-11-23,South,Furniture,Chair,4,100.27,401.08,126.73
2024-11-23,South,Toys,Doll,5,26.29,131.45,32.02
2024-11-23,South,Toys,Puzzle,9,29.38,264.42,66.97
2024-11-24,West,Groceries,Rice,6,12.47,74.82,15.5
2024-11-24,North,Electronics,Laptop,4,230.18,920.72,294.97
2024-11-24,East,Furniture,Chair,7,453.22,3172.54,362.16
2024-11-24,West,Clothing,T-Shirt,10,73.1,731.0,110.85
2024-11-24,North,Furniture,Sofa,12,539.93,6479.16,1367.72
2024-11-24,South,Groceries,Beverages,6,20.53,123.18,34.67
2024-11-24,North,Toys,Doll,7,51.19,358.33,53.7
2024-11-24,West,Furniture,Bed,14,584.92,8188.88,2754.64
2024-11-25,North,Toys,Action Figure,6,18.04,108.24,27.94
2024-11-25,North,Furniture,Bed,4,345.97,1383.88,456.99
2024-11-25,North,Toys,Board Game,9,25.53,229.77,67.69
2024-11-26,East,Groceries,Beverages,11,37.22,409.42,44.41
2024-11-26,North,Electronics,Headphones,4,214.91,859.64,165.2
2024-11-26,East,Electronics,Smartwatch,10,156.49,1564.9,444.11
2024-11-26,East,Clothing,Jeans,5,39.03,195.15,66.36
2024-11-26,North,Furniture,Table,6,530.77,3184.62,856.15
2024-11-26,East,Furniture,Chair,2,539.9,1079.8,291.48
2024-11-26,East,Furniture,Chair,5,102.03,510.15,119.55
2024-11-26,West,Clothing,Jeans,4,41.92,167.68,32.16
2024-11-27,North,Clothing,T-Shirt,12,22.39,268.68,89.18
2024-11-27,South,Furniture,Bed,8,385.11,3080.88,333.11
2024-11-27,North,Toys,Board Game,4,45.37,181.48,62.37
2024-11-27,West,Toys,Doll,5,43.72,218.6,43.92
2024-11-27,North,Electronics,Headphones,9,447.18,4024.62,674.54
2024-11-27,North,Groceries,Rice,3,14.55,43.65,12.02
2024-11-27,West,Electronics,Smartphone,13,51.85,674.05,99.86
2024-11-28,West,Toys,Action Figure,4,18.21,72.84,8.28
2024-11-28,South,Electronics,Laptop,8,73.44,587.52,113.83
2024-11-28,South,Furniture,Chair,13,584.16,7594.08,1182.8
2024-11-28,West,Toys,Puzzle,13,38.34,498.42,74.32
2024-11-28,South,Clothing,T-Shirt,10,24.42,244.2,58.11
2024-11-28,South,Electronics,Headphones,1,212.81,212.81,66.38
2024-11-28,North,Furniture,Table,10,449.34,4493.4,846.3
2024-11-28,North,Electronics,Laptop,3,448.45,1345.35,165.36
2024-11-29,West,Toys,Action Figure,4,48.1,192.4,31.88
2024-11-29,North,Clothing,Shoes,4,40.38,161.52,37.56
2024-11-29,East,Furniture,Sofa,6,388.42,2330.52,290.77
2024-11-29,North,Toys,Action Figure,5,39.42,197.1,47.39
2024-11-29,East,Clothing,T-Shirt,7,37.11,259.77,75.17
2024-11-29,South,Groceries,Rice,3,11.54,34.62,10.97
2024-11-29,North,Groceries,Oil,13,13.25,172.25,58.52
2024-11-29,West,Clothing,Jacket,11,35.58,391.38,70.11
2024-11-29,South,Furniture,Table,2,382.53,765.06,135.11
2024-11-30,North,Clothing,T-Shirt,10,47.93,479.3,58.17
2024-11-30,West,Clothing,T-Shirt,11,23.28,256.08,45.68
2024-11-30,West,Electronics,Laptop,3,473.29,1419.87,451.1
2024-11-30,North,Clothing,T-Shirt,9,26.39,237.51,39.81
2024-11-30,East,Furniture,Bed,6,187.88,1127.28,294.95
2024-11-30,South,Clothing,Jeans,1,78.26,78.26,10.73
2024-11-30,East,Toys,Doll,1,16.06,16.06,2.7
2024-11-30,West,Clothing,Jeans,7,40.9,286.3,47.65
2024-11-30,North,Toys,Action Figure,12,30.72,368.64,54.8
2024-12-01,West,Toys,Puzzle,9,37.16,334.44,115.92
2024-12-01,East,Groceries,Beverages,14,11.04,154.56,27.71
2024-12-01,North,Toys,Action Figure,10,27.64,276.4,53.59
2024-12-01,South,Electronics,Laptop,4,155.9,623.6,107.81
2024-12-02,East,Toys,Action Figure,2,26.19,52.38,8.12
2024-12-02,West,Clothing,Jacket,1,68.67,68.67,18.51
2024-12-02,North,Clothing,T-Shirt,1,53.11,53.11,17.68
2024-12-02,South,Furniture,Bed,4,139.97,559.88,69.83
2024-12-02,South,Clothing,T-Shirt,3,43.57,130.71,24.15
2024-12-02,North,Groceries,Snacks,9,16.52,148.68,39.09
2024-12-02,South,Furniture,Sofa,8,345.14,2761.12,563.73
2024-12-02,East,Toys,Doll,10,22.39,223.9,43.9
2024-12-03,North,Electronics,Laptop,9,355.73,3201.57,664.9
2024-12-03,South,Clothing,T-Shirt,2,41.29,82.58,10.97
2024-12-03,West,Toys,Puzzle,14,22.87,320.18,62.55
2024-12-04,North,Clothing,Shoes,2,32.28,64.56,19.57
2024-12-04,East,Furniture,Table,13,369.05,4797.65,758.79
2024-12-04,East,Clothing,T-Shirt,9,77.89,701.01,98.27
2024-12-04,East,Clothing,T-Shirt,10,44.59,445.9,122.71
2024-12-04,South,Furniture,Table,5,367.93,1839.65,516.94
2024-12-04,West,Clothing,T-Shirt,9,43.67,393.03,104.04
2024-12-05,West,Toys,Doll,4,54.14,216.56,31.62
2024-12-05,North,Furniture,Table,1,443.88,443.88,52.32
2024-12-05,South,Toys,Doll,9,56.67,510.03,79.07
2024-12-05,South,Furniture,Sofa,2,480.87,961.74,145.46
2024-12-05,South,Furniture,Table,14,231.32,3238.48,640.68
2024-12-05,East,Groceries,Oil,1,15.33,15.33,4.33
2024-12-06,East,Clothing,T-Shirt,11,10.56,116.16,24.85
2024-12-06,North,Groceries,Oil,10,25.87,258.7,53.08
2024-12-06,North,Furniture,Bed,7,231.86,1623.02,173.46
2024-12-06,West,Clothing,Jacket,14,62.7,877.8,272.87
2024-12-06,South,Groceries,Oil,9,21.3,191.7,37.72
2024-12-06,South,Toys,Action Figure,1,53.24,53.24,14.57
2024-12-06,North,Furniture,Bed,3,595.58,1786.74,483.66
2024-12-07,South,Toys,Doll,3,53.58,160.74,17.43
2024-12-07,West,Groceries,Rice,1,17.98,17.98,4.75
2024-12-07,West,Clothing,Jeans,8,55.28,442.24,120.21
2024-12-07,East,Furniture,Table,7,468.74,3281.18,366.14
2024-12-07,South,Toys,Puzzle,11,30.57,336.27,54.09
2024-12-07,West,Electronics,Laptop,6,474.09,2844.54,326.87
2024-12-07,West,Toys,Puzzle,3,25.14,75.42,16.23
2024-12-07,West,Toys,Doll,5,12.24,61.2,10.22
2024-12-08,West,Electronics,Smartwatch,3,450.12,1350.36,425.15
2024-12-08,West,Clothing,T-Shirt,3,17.81,53.43,6.05
2024-12-08,North,Furniture,Table,5,347.68,1738.4,328.74
2024-12-08,South,Groceries,Snacks,6,33.49,200.94,32.81
2024-12-09,South,Electronics,Laptop,11,228.16,2509.76,662.3
2024-12-09,West,Groceries,Oil,12,38.9,466.8,62.23
2024-12-09,West,Toys,Puzzle,2,55.28,110.56,15.47
2024-12-09,West,Furniture,Table,11,558.6,6144.6,1316.32
2024-12-09,West,Clothing,Jacket,6,52.42,314.52,76.28
2024-12-09,West,Electronics,Laptop,8,262.61,2100.88,569.2
2024-12-09,West,Groceries,Rice,2,15.44,30.88,10.81
2024-12-09,East,Furniture,Sofa,13,89.25,1160.25,256.11
2024-12-10,South,Electronics,Headphones,10,430.3,4303.0,473.8
2024-12-10,North,Toys,Board Game,12,43.05,516.6,137.09
2024-12-10,North,Electronics,Smartwatch,4,309.79,1239.16,156.27
2024-12-10,East,Furniture,Chair,6,398.68,2392.08,623.62
2024-12-10,East,Groceries,Oil,2,10.05,20.1,4.98
2024-12-11,North,Toys,Action Figure,8,48.64,389.12,63.2
2024-12-11,South,Groceries,Oil,13,23.15,300.95,35.53
2024-12-11,North,Furniture,Table,5,126.79,633.95,217.49
2024-12-11,South,Groceries,Snacks,14,6.96,97.44,26.73
2024-12-11,East,Toys,Doll,2,38.66,77.32,26.75
2024-12-11,East,Electronics,Laptop,8,407.46,3259.68,840.57
2024-12-12,East,Groceries,Beverages,6,18.62,111.72,35.34
2024-12-12,West,Toys,Puzzle,11,22.35,245.85,84.64
2024-12-12,West,Toys,Board Game,8,25.57,204.56,32.12
2024-12-12,West,Toys,Board Game,8,17.14,137.12,43.26
2024-12-12,North,Clothing,Shoes,13,76.31,992.03,145.87
2024-12-13,North,Electronics,Smartwatch,9,203.1,1827.9,267.77
2024-12-13,South,Groceries,Rice,4,10.21,40.84,9.69
2024-12-13,North,Clothing,Jacket,13,16.65,216.45,61.15
2024-12-13,North,Clothing,Shoes,11,29.38,323.18,78.76
2024-12-13,South,Clothing,T-Shirt,14,16.71,233.94,78.24
2024-12-13,East,Furniture,Table,2,125.03,250.06,72.44
2024-12-13,West,Groceries,Beverages,7,36.28,253.96,42.11
2024-12-13,West,Electronics,Headphones,13,232.48,3022.24,312.56
2024-12-14,South,Electronics,Laptop,2,176.46,352.92,100.72
2024-12-14,South,Toys,Board Game,11,16.26,178.86,45.31
2024-12-14,West,Toys,Board Game,13,54.73,711.49,73.22
2024-12-14,East,Furniture,Bed,6,542.67,3256.02,677.29
2024-12-14,West,Groceries,Oil,6,5.32,31.92,7.89
2024-12-14,East,Clothing,Jacket,6,18.56,111.36,21.94
2024-12-14,South,Furniture,Sofa,4,205.6,822.4,97.48
2024-12-14,East,Electronics,Smartphone,6,451.19,2707.14,725.36
2024-12-15,East,Groceries,Beverages,10,31.4,314.0,108.3
2024-12-15,South,Toys,Action Figure,1,16.25,16.25,2.18
2024-12-15,East,Clothing,Jeans,3,19.78,59.34,10.17
2024-12-16,South,Clothing,Jeans,4,71.31,285.24,49.71
2024-12-16,North,Electronics,Headphones,8,424.81,3398.48,1107.82
2024-12-16,South,Furniture,Sofa,11,420.32,4623.52,727.05
2024-12-17,East,Clothing,Jeans,1,28.48,28.48,6.46
2024-12-17,North,Groceries,Snacks,7,10.17,71.19,7.44
2024-12-17,South,Groceries,Beverages,14,15.23,213.22,58.45
2024-12-17,South,Toys,Board Game,7,14.89,104.23,24.0
2024-12-17,North,Electronics,Smartwatch,8,427.17,3417.36,1073.16
2024-12-17,West,Clothing,Shoes,3,50.75,152.25,35.2
2024-12-18,East,Clothing,T-Shirt,4,36.54,146.16,27.16
2024-12-18,East,Groceries,Beverages,2,38.77,77.54,22.19
2024-12-18,East,Toys,Action Figure,14,40.81,571.34,83.34
2024-12-18,West,Groceries,Rice,11,37.1,408.1,137.61
2024-12-18,West,Electronics,Smartphone,1,144.9,144.9,33.78
2024-12-18,North,Groceries,Rice,1,8.04,8.04,0.95
2024-12-18,West,Toys,Action Figure,14,23.67,331.38,80.97
2024-12-18,West,Groceries,Rice,9,20.61,185.49,50.34
2024-12-19,East,Electronics,Smartphone,5,62.14,310.7,81.6
2024-12-19,South,Groceries,Oil,10,5.32,53.2,16.53
2024-12-19,North,Electronics,Smartwatch,8,178.11,1424.88,184.98
2024-12-19,North,Toys,Doll,13,13.63,177.19,33.43
2024-12-19,South,Furniture,Sofa,4,470.2,1880.8,230.15
2024-12-19,North,Groceries,Beverages,11,7.6,83.6,23.5
2024-12-19,South,Furniture,Sofa,12,212.26,2547.12,423.76
2024-12-20,West,Groceries,Rice,7,38.79,271.53,45.88
2024-12-20,East,Groceries,Snacks,13,22.29,289.77,62.55
2024-12-20,East,Furniture,Chair,12,541.85,6502.2,1583.89
2024-12-21,South,Furniture,Bed,9,150.13,1351.17,186.73
2024-12-21,West,Groceries,Oil,9,8.5,76.5,19.79
2024-12-21,West,Furniture,Table,5,429.78,2148.9,334.96
2024-12-21,North,Clothing,Jeans,5,42.57,212.85,29.07
2024-12-21,East,Furniture,Sofa,12,537.75,6453.0,1168.88
2024-12-21,North,Toys,Doll,1,56.57,56.57,7.72
2024-12-21,North,Electronics,Smartwatch,4,316.83,1267.32,380.39
2024-12-21,East,Furniture,Table,3,468.84,1406.52,147.64
2024-12-22,West,Toys,Action Figure,5,44.73,223.65,62.58
2024-12-22,South,Clothing,Shoes,12,77.9,934.8,286.73
2024-12-22,East,Toys,Doll,12,22.47,269.64,82.04
2024-12-23,North,Groceries,Snacks,5,11.54,57.7,10.44
2024-12-23,West,Toys,Doll,6,16.29,97.74,20.84
2024-12-23,South,Electronics,Laptop,4,353.19,1412.76,240.16
2024-12-23,South,Groceries,Snacks,1,13.69,13.69,2.64
2024-12-23,West,Electronics,Headphones,14,77.25,1081.5,253.44
2024-12-23,West,Clothing,Shoes,11,46.46,511.06,110.57
2024-12-23,South,Electronics,Laptop,8,337.73,2701.84,832.5
2024-12-23,East,Furniture,Chair,3,444.08,1332.24,262.09
2024-12-24,East,Toys,Doll,1,27.45,27.45,3.65
2024-12-24,West,Groceries,Beverages,8,28.55,228.4,72.88
2024-12-24,North,Groceries,Rice,13,6.39,83.07,28.64
2024-12-24,East,Clothing,T-Shirt,9,49.33,443.97,77.27
2024-12-24,South,Groceries,Beverages,1,22.36,22.36,2.74
2024-12-25,South,Groceries,Oil,1,23.98,23.98,5.83
2024-12-25,North,Groceries,Snacks,6,27.5,165.0,54.7
2024-12-25,West,Groceries,Rice,9,6.62,59.58,13.77
2024-12-25,East,Groceries,Rice,6,13.75,82.5,28.59
2024-12-25,South,Clothing,T-Shirt,1,55.16,55.16,15.01
2024-12-25,South,Toys,Board Game,6,54.74,328.44,109.09
2024-12-26,East,Groceries,Snacks,10,22.84,228.4,73.57
2024-12-26,East,Electronics,Headphones,6,245.02,1470.12,303.34
2024-12-26,South,Electronics,Smartphone,9,241.44,2172.96,380.1
2024-12-26,East,Groceries,Beverages,12,10.31,123.72,37.99
2024-12-26,West,Groceries,Oil,11,12.89,141.79,26.89
2024-12-27,North,Clothing,Jeans,10,39.56,395.6,59.72
2024-12-27,South,Clothing,T-Shirt,11,61.98,681.78,72.9
2024-12-27,West,Furniture,Chair,9,116.25,1046.25,308.07
2024-12-28,North,Clothing,T-Shirt,3,26.51,79.53,12.43
2024-12-28,West,Groceries,Snacks,1,29.67,29.67,3.59
2024-12-28,East,Clothing,Shoes,2,55.75,111.5,17.8
2024-12-28,East,Clothing,Jacket,12,49.46,593.52,161.79
2024-12-28,North,Electronics,Smartphone,3,71.98,215.94,55.51
2024-12-28,South,Clothing,Jeans,4,70.47,281.88,69.99
2024-12-29,East,Clothing,Jeans,11,61.83,680.13,201.56
2024-12-29,South,Electronics,Smartwatch,6,494.42,2966.52,402.83
2024-12-29,North,Electronics,Laptop,3,369.42,1108.26,345.03
2024-12-29,West,Furniture,Chair,2,129.04,258.08,89.25
2024-12-30,South,Electronics,Laptop,12,444.39,5332.68,1675.24
2024-12-30,North,Furniture,Chair,6,483.12,2898.72,979.03
2024-12-30,East,Electronics,Laptop,5,367.94,1839.7,572.09
2024-12-30,East,Electronics,Laptop,11,254.56,2800.16,424.7
2024-12-30,North,Toys,Action Figure,10,28.3,283.0,49.81
2024-12-30,South,Clothing,Jacket,3,49.95,149.85,19.36
2024-12-31,North,Electronics,Smartphone,4,398.03,1592.12,473.31
2024-12-31,East,Toys,Board Game,10,44.0,440.0,88.79
2024-12-31,East,Clothing,Jeans,12,52.69,632.28,76.32
2024-12-31,North,Electronics,Laptop,5,486.16,2430.8,303.52
2024-12-31,South,Clothing,Jacket,5,10.62,53.1,11.84
2024-12-31,South,Toys,Puzzle,2,27.68,55.36,15.49
2024-12-31,North,Clothing,Shoes,11,33.82,372.02,114.5
